Command line invocation:
    /Applications/Xcode.app/Contents/Developer/usr/bin/xcodebuild -project SimpleTaskV2.xcodeproj -scheme SimpleTaskV2 -sdk iphonesimulator build

Build settings from command line:
    SDKROOT = iphonesimulator26.5

Resolve Package Graph


Resolved source packages:
  Promises: https://github.com/google/promises.git @ 2.4.1
  InteropForGoogle: https://github.com/google/interop-ios-for-google-sdks.git @ 101.0.0
  GTMSessionFetcher: https://github.com/google/gtm-session-fetcher.git @ 3.5.0
  GTMAppAuth: https://github.com/google/GTMAppAuth.git @ 5.0.0
  AppAuth: https://github.com/openid/AppAuth-iOS.git @ 2.1.0
  GoogleSignIn: https://github.com/google/GoogleSignIn-iOS @ 9.2.0
  AppCheck: https://github.com/google/app-check.git @ 11.3.0
  GoogleUtilities: https://github.com/google/GoogleUtilities.git @ 8.1.1

--- xcodebuild: WARNING: Using the first of multiple matching destinations:
{ platform:iOS Simulator, id:dvtdevice-DVTiOSDeviceSimulatorPlaceholder-iphonesimulator:placeholder, name:Any iOS Simulator Device }
{ platform:iOS Simulator, arch:arm64, id:5E7FCA09-6699-4E16-BB93-3CA2B8479AE0, OS:26.5, name:iPad (A16) }
{ platform:iOS Simulator, arch:arm64, id:85F3DC44-9D70-420E-9EB0-5EA1781E0481, OS:26.5, name:iPad Air 11-inch (M4) }
{ platform:iOS Simulator, arch:arm64, id:C3A73424-F2BE-4B36-ADF2-641F4FAA1FE5, OS:26.5, name:iPad Air 13-inch (M4) }
{ platform:iOS Simulator, arch:arm64, id:2F43E0FF-DBB7-4132-AA96-F79FDB9BB14A, OS:26.5, name:iPad Pro 11-inch (M5) }
{ platform:iOS Simulator, arch:arm64, id:BDDB2B96-64DF-4C60-B627-86511C47F5D3, OS:26.5, name:iPad Pro 13-inch (M5) }
{ platform:iOS Simulator, arch:arm64, id:67D5AF35-AAF5-46AF-8A3A-828957D57FC1, OS:26.5, name:iPad mini (A17 Pro) }
{ platform:iOS Simulator, arch:arm64, id:B1A4351F-1B83-4B06-8ED7-9C5C6AC12086, OS:26.5, name:iPhone 17 }
{ platform:iOS Simulator, arch:arm64, id:3D89B62D-CA95-4F8D-94BE-CCC1AA509334, OS:26.5, name:iPhone 17 Pro }
{ platform:iOS Simulator, arch:arm64, id:AB8A08C8-A1BB-46BE-B22E-F13D72989083, OS:26.5, name:iPhone 17 Pro Max }
{ platform:iOS Simulator, arch:arm64, id:F3331AA5-84D0-4335-BD5E-3821F1BB1A56, OS:26.5, name:iPhone 17e }
{ platform:iOS Simulator, arch:arm64, id:7693B6B4-1518-42AB-BE4C-4626C56E9728, OS:26.5, name:iPhone Air }
{ platform:macOS, arch:arm64, id:00008132-000810212621801C, name:My Mac }
{ platform:macOS, arch:x86_64, id:00008132-000810212621801C, name:My Mac }
{ platform:iOS, id:dvtdevice-DVTiPhonePlaceholder-iphoneos:placeholder, name:Any iOS Device }
{ platform:macOS, name:Any Mac }
ComputePackagePrebuildTargetDependencyGraph

Prepare packages

CreateBuildRequest

SendProjectDescription

CreateBuildOperation

ComputeTargetDependencyGraph
note: Building targets in dependency order
note: Target dependency graph (34 targets)
    Target 'SimpleTaskV2' in project 'SimpleTaskV2'
        ➜ Explicit dependency on target 'TaskWidgetExtension' in project 'SimpleTaskV2'
        ➜ Explicit dependency on target 'GoogleSignIn' in project 'GoogleSignIn'
        ➜ Explicit dependency on target 'GoogleSignInSwift' in project 'GoogleSignIn'
    Target 'GoogleSignInSwift' in project 'GoogleSignIn'
        ➜ Explicit dependency on target 'GoogleSignInSwift' in project 'GoogleSignIn'
        ➜ Explicit dependency on target 'GoogleSignIn_GoogleSignInSwift' in project 'GoogleSignIn'
        ➜ Explicit dependency on target 'GoogleSignIn' in project 'GoogleSignIn'
        ➜ Explicit dependency on target 'AppAuth' in project 'AppAuth'
        ➜ Explicit dependency on target 'AppAuthCore' in project 'AppAuth'
        ➜ Explicit dependency on target 'AppCheckCore' in project 'AppCheck'
        ➜ Explicit dependency on target 'GTMAppAuth' in project 'GTMAppAuth'
        ➜ Explicit dependency on target 'GTMSessionFetcherCore' in project 'GTMSessionFetcher'
    Target 'GoogleSignInSwift' in project 'GoogleSignIn'
        ➜ Explicit dependency on target 'GoogleSignIn_GoogleSignInSwift' in project 'GoogleSignIn'
        ➜ Explicit dependency on target 'GoogleSignIn' in project 'GoogleSignIn'
        ➜ Explicit dependency on target 'AppAuth' in project 'AppAuth'
        ➜ Explicit dependency on target 'AppAuthCore' in project 'AppAuth'
        ➜ Explicit dependency on target 'AppCheckCore' in project 'AppCheck'
        ➜ Explicit dependency on target 'GTMAppAuth' in project 'GTMAppAuth'
        ➜ Explicit dependency on target 'GTMSessionFetcherCore' in project 'GTMSessionFetcher'
    Target 'GoogleSignIn_GoogleSignInSwift' in project 'GoogleSignIn' (no dependencies)
    Target 'GoogleSignIn' in project 'GoogleSignIn'
        ➜ Explicit dependency on target 'GoogleSignIn' in project 'GoogleSignIn'
        ➜ Explicit dependency on target 'GoogleSignIn_GoogleSignIn' in project 'GoogleSignIn'
        ➜ Explicit dependency on target 'AppAuth' in project 'AppAuth'
        ➜ Explicit dependency on target 'AppAuthCore' in project 'AppAuth'
        ➜ Explicit dependency on target 'AppCheckCore' in project 'AppCheck'
        ➜ Explicit dependency on target 'GTMAppAuth' in project 'GTMAppAuth'
        ➜ Explicit dependency on target 'GTMSessionFetcherCore' in project 'GTMSessionFetcher'
    Target 'GoogleSignIn' in project 'GoogleSignIn'
        ➜ Explicit dependency on target 'GoogleSignIn_GoogleSignIn' in project 'GoogleSignIn'
        ➜ Explicit dependency on target 'AppAuth' in project 'AppAuth'
        ➜ Explicit dependency on target 'AppAuthCore' in project 'AppAuth'
        ➜ Explicit dependency on target 'AppCheckCore' in project 'AppCheck'
        ➜ Explicit dependency on target 'GTMAppAuth' in project 'GTMAppAuth'
        ➜ Explicit dependency on target 'GTMSessionFetcherCore' in project 'GTMSessionFetcher'
    Target 'GTMAppAuth' in project 'GTMAppAuth'
        ➜ Explicit dependency on target 'GTMAppAuth' in project 'GTMAppAuth'
        ➜ Explicit dependency on target 'GTMAppAuth_GTMAppAuth' in project 'GTMAppAuth'
        ➜ Explicit dependency on target 'GTMSessionFetcherCore' in project 'GTMSessionFetcher'
        ➜ Explicit dependency on target 'AppAuthCore' in project 'AppAuth'
    Target 'GTMAppAuth' in project 'GTMAppAuth'
        ➜ Explicit dependency on target 'GTMAppAuth_GTMAppAuth' in project 'GTMAppAuth'
        ➜ Explicit dependency on target 'GTMSessionFetcherCore' in project 'GTMSessionFetcher'
        ➜ Explicit dependency on target 'AppAuthCore' in project 'AppAuth'
    Target 'GTMSessionFetcherCore' in project 'GTMSessionFetcher'
        ➜ Explicit dependency on target 'GTMSessionFetcherCore' in project 'GTMSessionFetcher'
        ➜ Explicit dependency on target 'GTMSessionFetcher_GTMSessionFetcherCore' in project 'GTMSessionFetcher'
    Target 'GTMSessionFetcherCore' in project 'GTMSessionFetcher'
        ➜ Explicit dependency on target 'GTMSessionFetcher_GTMSessionFetcherCore' in project 'GTMSessionFetcher'
    Target 'GTMSessionFetcher_GTMSessionFetcherCore' in project 'GTMSessionFetcher' (no dependencies)
    Target 'GTMAppAuth_GTMAppAuth' in project 'GTMAppAuth' (no dependencies)
    Target 'AppCheckCore' in project 'AppCheck'
        ➜ Explicit dependency on target 'AppCheckCore' in project 'AppCheck'
        ➜ Explicit dependency on target 'FBLPromises' in project 'Promises'
        ➜ Explicit dependency on target 'GULEnvironment' in project 'GoogleUtilities'
        ➜ Explicit dependency on target 'GULUserDefaults' in project 'GoogleUtilities'
    Target 'AppCheckCore' in project 'AppCheck'
        ➜ Explicit dependency on target 'FBLPromises' in project 'Promises'
        ➜ Explicit dependency on target 'GULEnvironment' in project 'GoogleUtilities'
        ➜ Explicit dependency on target 'GULUserDefaults' in project 'GoogleUtilities'
    Target 'GULUserDefaults' in project 'GoogleUtilities'
        ➜ Explicit dependency on target 'GoogleUtilities-UserDefaults' in project 'GoogleUtilities'
        ➜ Explicit dependency on target 'GoogleUtilities_GoogleUtilities-UserDefaults' in project 'GoogleUtilities'
        ➜ Explicit dependency on target 'third-party-IsAppEncrypted' in project 'GoogleUtilities'
        ➜ Explicit dependency on target 'GoogleUtilities-Environment' in project 'GoogleUtilities'
        ➜ Explicit dependency on target 'GoogleUtilities-Logger' in project 'GoogleUtilities'
    Target 'GoogleUtilities-UserDefaults' in project 'GoogleUtilities'
        ➜ Explicit dependency on target 'GoogleUtilities_GoogleUtilities-UserDefaults' in project 'GoogleUtilities'
        ➜ Explicit dependency on target 'third-party-IsAppEncrypted' in project 'GoogleUtilities'
        ➜ Explicit dependency on target 'GoogleUtilities-Environment' in project 'GoogleUtilities'
        ➜ Explicit dependency on target 'GoogleUtilities-Logger' in project 'GoogleUtilities'
    Target 'GoogleUtilities-Logger' in project 'GoogleUtilities'
        ➜ Explicit dependency on target 'GoogleUtilities_GoogleUtilities-Logger' in project 'GoogleUtilities'
        ➜ Explicit dependency on target 'third-party-IsAppEncrypted' in project 'GoogleUtilities'
        ➜ Explicit dependency on target 'GoogleUtilities-Environment' in project 'GoogleUtilities'
    Target 'GoogleUtilities_GoogleUtilities-Logger' in project 'GoogleUtilities' (no dependencies)
    Target 'GoogleUtilities_GoogleUtilities-UserDefaults' in project 'GoogleUtilities' (no dependencies)
    Target 'GULEnvironment' in project 'GoogleUtilities'
        ➜ Explicit dependency on target 'GoogleUtilities-Environment' in project 'GoogleUtilities'
        ➜ Explicit dependency on target 'GoogleUtilities_GoogleUtilities-Environment' in project 'GoogleUtilities'
        ➜ Explicit dependency on target 'third-party-IsAppEncrypted' in project 'GoogleUtilities'
    Target 'GoogleUtilities-Environment' in project 'GoogleUtilities'
        ➜ Explicit dependency on target 'GoogleUtilities_GoogleUtilities-Environment' in project 'GoogleUtilities'
        ➜ Explicit dependency on target 'third-party-IsAppEncrypted' in project 'GoogleUtilities'
    Target 'third-party-IsAppEncrypted' in project 'GoogleUtilities' (no dependencies)
    Target 'GoogleUtilities_GoogleUtilities-Environment' in project 'GoogleUtilities' (no dependencies)
    Target 'FBLPromises' in project 'Promises'
        ➜ Explicit dependency on target 'FBLPromises' in project 'Promises'
        ➜ Explicit dependency on target 'Promises_FBLPromises' in project 'Promises'
    Target 'FBLPromises' in project 'Promises'
        ➜ Explicit dependency on target 'Promises_FBLPromises' in project 'Promises'
    Target 'Promises_FBLPromises' in project 'Promises' (no dependencies)
    Target 'AppAuthCore' in project 'AppAuth'
        ➜ Explicit dependency on target 'AppAuthCore' in project 'AppAuth'
        ➜ Explicit dependency on target 'AppAuth_AppAuthCore' in project 'AppAuth'
    Target 'AppAuth' in project 'AppAuth'
        ➜ Explicit dependency on target 'AppAuth' in project 'AppAuth'
        ➜ Explicit dependency on target 'AppAuth_AppAuth' in project 'AppAuth'
        ➜ Explicit dependency on target 'AppAuthCore' in project 'AppAuth'
    Target 'AppAuth' in project 'AppAuth'
        ➜ Explicit dependency on target 'AppAuth_AppAuth' in project 'AppAuth'
        ➜ Explicit dependency on target 'AppAuthCore' in project 'AppAuth'
    Target 'AppAuthCore' in project 'AppAuth'
        ➜ Explicit dependency on target 'AppAuth_AppAuthCore' in project 'AppAuth'
    Target 'AppAuth_AppAuthCore' in project 'AppAuth' (no dependencies)
    Target 'AppAuth_AppAuth' in project 'AppAuth' (no dependencies)
    Target 'GoogleSignIn_GoogleSignIn' in project 'GoogleSignIn' (no dependencies)
    Target 'TaskWidgetExtension' in project 'SimpleTaskV2' (no dependencies)

GatherProvisioningInputs

CreateBuildDescription

ExecuteExternalTool /Applications/Xcode.app/Contents/Developer/usr/bin/actool --version --output-format xml1

ExecuteExternalTool /Applications/Xcode.app/Contents/Developer/Toolchains/XcodeDefault.xctoolchain/usr/bin/clang -v -E -dM -arch arm64 -isysroot /Applications/Xcode.app/Contents/Developer/Platforms/iPhoneSimulator.platform/Developer/SDKs/iPhoneSimulator26.5.sdk -x objective-c -c /dev/null

ExecuteExternalTool /Applications/Xcode.app/Contents/Developer/Toolchains/XcodeDefault.xctoolchain/usr/bin/swiftc --version

ExecuteExternalTool /Applications/Xcode.app/Contents/Developer/Toolchains/XcodeDefault.xctoolchain/usr/bin/clang -v -E -dM -isysroot /Applications/Xcode.app/Contents/Developer/Platforms/iPhoneSimulator.platform/Developer/SDKs/iPhoneSimulator26.5.sdk -x c -c /dev/null

ExecuteExternalTool /Applications/Xcode.app/Contents/Developer/usr/bin/actool --print-asset-tag-combinations --output-format xml1 /Users/wilsonlee/Desktop/SimpleTaskV2/SimpleTaskV2/Assets.xcassets

ExecuteExternalTool /Applications/Xcode.app/Contents/Developer/Toolchains/XcodeDefault.xctoolchain/usr/bin/clang -v -E -dM -arch arm64 -isysroot /Applications/Xcode.app/Contents/Developer/Platforms/iPhoneSimulator.platform/Developer/SDKs/iPhoneSimulator26.5.sdk -x c -c /dev/null

ExecuteExternalTool /Applications/Xcode.app/Contents/Developer/Toolchains/XcodeDefault.xctoolchain/usr/bin/ld -version_details

ExecuteExternalTool /Applications/Xcode.app/Contents/Developer/Toolchains/XcodeDefault.xctoolchain/usr/bin/clang -v -E -dM -arch x86_64 -isysroot /Applications/Xcode.app/Contents/Developer/Platforms/iPhoneSimulator.platform/Developer/SDKs/iPhoneSimulator26.5.sdk -x objective-c -c /dev/null

ExecuteExternalTool /Applications/Xcode.app/Contents/Developer/Toolchains/XcodeDefault.xctoolchain/usr/bin/clang -v -E -dM -arch x86_64 -isysroot /Applications/Xcode.app/Contents/Developer/Platforms/iPhoneSimulator.platform/Developer/SDKs/iPhoneSimulator26.5.sdk -x c -c /dev/null

Build description signature: 715fb84558021d04768084280ac6d884
Build description path: /Users/wilsonlee/Library/Developer/Xcode/DerivedData/SimpleTaskV2-acaltorinktlkpdrnewrufjkerjy/Build/Intermediates.noindex/XCBuildData/715fb84558021d04768084280ac6d884.xcbuilddata
ClangStatCache /Applications/Xcode.app/Contents/Developer/Toolchains/XcodeDefault.xctoolchain/usr/bin/clang-stat-cache /Applications/Xcode.app/Contents/Developer/Platforms/iPhoneSimulator.platform/Developer/SDKs/iPhoneSimulator26.5.sdk /Users/wilsonlee/Library/Developer/Xcode/DerivedData/SDKStatCaches.noindex/iphonesimulator26.5-23F73-6cfe768891a92b912361537c460fe42b.sdkstatcache
    cd /Users/wilsonlee/Desktop/SimpleTaskV2/SimpleTaskV2.xcodeproj
    /Applications/Xcode.app/Contents/Developer/Toolchains/XcodeDefault.xctoolchain/usr/bin/clang-stat-cache /Applications/Xcode.app/Contents/Developer/Platforms/iPhoneSimulator.platform/Developer/SDKs/iPhoneSimulator26.5.sdk -o /Users/wilsonlee/Library/Developer/Xcode/DerivedData/SDKStatCaches.noindex/iphonesimulator26.5-23F73-6cfe768891a92b912361537c460fe42b.sdkstatcache

ProcessInfoPlistFile /Users/wilsonlee/Library/Developer/Xcode/DerivedData/SimpleTaskV2-acaltorinktlkpdrnewrufjkerjy/Build/Products/Debug-iphonesimulator/Promises_FBLPromises.bundle/Info.plist /Users/wilsonlee/Library/Developer/Xcode/DerivedData/SimpleTaskV2-acaltorinktlkpdrnewrufjkerjy/Build/Intermediates.noindex/Promises.build/Debug-iphonesimulator/Promises_FBLPromises.build/empty-Promises_FBLPromises.plist (in target 'Promises_FBLPromises' from project 'Promises')
    cd /Users/wilsonlee/Library/Developer/Xcode/DerivedData/SimpleTaskV2-acaltorinktlkpdrnewrufjkerjy/SourcePackages/checkouts/promises
    builtin-infoPlistUtility /Users/wilsonlee/Library/Developer/Xcode/DerivedData/SimpleTaskV2-acaltorinktlkpdrnewrufjkerjy/Build/Intermediates.noindex/Promises.build/Debug-iphonesimulator/Promises_FBLPromises.build/empty-Promises_FBLPromises.plist -producttype com.apple.product-type.bundle -expandbuildsettings -format binary -platform iphonesimulator -o /Users/wilsonlee/Library/Developer/Xcode/DerivedData/SimpleTaskV2-acaltorinktlkpdrnewrufjkerjy/Build/Products/Debug-iphonesimulator/Promises_FBLPromises.bundle/Info.plist

ProcessInfoPlistFile /Users/wilsonlee/Library/Developer/Xcode/DerivedData/SimpleTaskV2-acaltorinktlkpdrnewrufjkerjy/Build/Products/Debug-iphonesimulator/GoogleUtilities_GoogleUtilities-UserDefaults.bundle/Info.plist /Users/wilsonlee/Library/Developer/Xcode/DerivedData/SimpleTaskV2-acaltorinktlkpdrnewrufjkerjy/Build/Intermediates.noindex/GoogleUtilities.build/Debug-iphonesimulator/GoogleUtilities_GoogleUtilities-UserDefaults.build/empty-GoogleUtilities_GoogleUtilities-UserDefaults.plist (in target 'GoogleUtilities_GoogleUtilities-UserDefaults' from project 'GoogleUtilities')
    cd /Users/wilsonlee/Library/Developer/Xcode/DerivedData/SimpleTaskV2-acaltorinktlkpdrnewrufjkerjy/SourcePackages/checkouts/GoogleUtilities
    builtin-infoPlistUtility /Users/wilsonlee/Library/Developer/Xcode/DerivedData/SimpleTaskV2-acaltorinktlkpdrnewrufjkerjy/Build/Intermediates.noindex/GoogleUtilities.build/Debug-iphonesimulator/GoogleUtilities_GoogleUtilities-UserDefaults.build/empty-GoogleUtilities_GoogleUtilities-UserDefaults.plist -producttype com.apple.product-type.bundle -expandbuildsettings -format binary -platform iphonesimulator -o /Users/wilsonlee/Library/Developer/Xcode/DerivedData/SimpleTaskV2-acaltorinktlkpdrnewrufjkerjy/Build/Products/Debug-iphonesimulator/GoogleUtilities_GoogleUtilities-UserDefaults.bundle/Info.plist

ProcessInfoPlistFile /Users/wilsonlee/Library/Developer/Xcode/DerivedData/SimpleTaskV2-acaltorinktlkpdrnewrufjkerjy/Build/Products/Debug-iphonesimulator/GoogleSignIn_GoogleSignInSwift.bundle/Info.plist /Users/wilsonlee/Library/Developer/Xcode/DerivedData/SimpleTaskV2-acaltorinktlkpdrnewrufjkerjy/Build/Intermediates.noindex/GoogleSignIn.build/Debug-iphonesimulator/GoogleSignIn_GoogleSignInSwift.build/empty-GoogleSignIn_GoogleSignInSwift.plist (in target 'GoogleSignIn_GoogleSignInSwift' from project 'GoogleSignIn')
    cd /Users/wilsonlee/Library/Developer/Xcode/DerivedData/SimpleTaskV2-acaltorinktlkpdrnewrufjkerjy/SourcePackages/checkouts/GoogleSignIn-iOS
    builtin-infoPlistUtility /Users/wilsonlee/Library/Developer/Xcode/DerivedData/SimpleTaskV2-acaltorinktlkpdrnewrufjkerjy/Build/Intermediates.noindex/GoogleSignIn.build/Debug-iphonesimulator/GoogleSignIn_GoogleSignInSwift.build/empty-GoogleSignIn_GoogleSignInSwift.plist -producttype com.apple.product-type.bundle -expandbuildsettings -format binary -platform iphonesimulator -o /Users/wilsonlee/Library/Developer/Xcode/DerivedData/SimpleTaskV2-acaltorinktlkpdrnewrufjkerjy/Build/Products/Debug-iphonesimulator/GoogleSignIn_GoogleSignInSwift.bundle/Info.plist

ProcessInfoPlistFile /Users/wilsonlee/Library/Developer/Xcode/DerivedData/SimpleTaskV2-acaltorinktlkpdrnewrufjkerjy/Build/Products/Debug-iphonesimulator/GoogleSignIn_GoogleSignIn.bundle/Info.plist /Users/wilsonlee/Library/Developer/Xcode/DerivedData/SimpleTaskV2-acaltorinktlkpdrnewrufjkerjy/Build/Intermediates.noindex/GoogleSignIn.build/Debug-iphonesimulator/GoogleSignIn_GoogleSignIn.build/empty-GoogleSignIn_GoogleSignIn.plist (in target 'GoogleSignIn_GoogleSignIn' from project 'GoogleSignIn')
    cd /Users/wilsonlee/Library/Developer/Xcode/DerivedData/SimpleTaskV2-acaltorinktlkpdrnewrufjkerjy/SourcePackages/checkouts/GoogleSignIn-iOS
    builtin-infoPlistUtility /Users/wilsonlee/Library/Developer/Xcode/DerivedData/SimpleTaskV2-acaltorinktlkpdrnewrufjkerjy/Build/Intermediates.noindex/GoogleSignIn.build/Debug-iphonesimulator/GoogleSignIn_GoogleSignIn.build/empty-GoogleSignIn_GoogleSignIn.plist -producttype com.apple.product-type.bundle -expandbuildsettings -format binary -platform iphonesimulator -o /Users/wilsonlee/Library/Developer/Xcode/DerivedData/SimpleTaskV2-acaltorinktlkpdrnewrufjkerjy/Build/Products/Debug-iphonesimulator/GoogleSignIn_GoogleSignIn.bundle/Info.plist

ProcessInfoPlistFile /Users/wilsonlee/Library/Developer/Xcode/DerivedData/SimpleTaskV2-acaltorinktlkpdrnewrufjkerjy/Build/Products/Debug-iphonesimulator/GTMSessionFetcher_GTMSessionFetcherCore.bundle/Info.plist /Users/wilsonlee/Library/Developer/Xcode/DerivedData/SimpleTaskV2-acaltorinktlkpdrnewrufjkerjy/Build/Intermediates.noindex/GTMSessionFetcher.build/Debug-iphonesimulator/GTMSessionFetcher_GTMSessionFetcherCore.build/empty-GTMSessionFetcher_GTMSessionFetcherCore.plist (in target 'GTMSessionFetcher_GTMSessionFetcherCore' from project 'GTMSessionFetcher')
    cd /Users/wilsonlee/Library/Developer/Xcode/DerivedData/SimpleTaskV2-acaltorinktlkpdrnewrufjkerjy/SourcePackages/checkouts/gtm-session-fetcher
    builtin-infoPlistUtility /Users/wilsonlee/Library/Developer/Xcode/DerivedData/SimpleTaskV2-acaltorinktlkpdrnewrufjkerjy/Build/Intermediates.noindex/GTMSessionFetcher.build/Debug-iphonesimulator/GTMSessionFetcher_GTMSessionFetcherCore.build/empty-GTMSessionFetcher_GTMSessionFetcherCore.plist -producttype com.apple.product-type.bundle -expandbuildsettings -format binary -platform iphonesimulator -o /Users/wilsonlee/Library/Developer/Xcode/DerivedData/SimpleTaskV2-acaltorinktlkpdrnewrufjkerjy/Build/Products/Debug-iphonesimulator/GTMSessionFetcher_GTMSessionFetcherCore.bundle/Info.plist

ProcessInfoPlistFile /Users/wilsonlee/Library/Developer/Xcode/DerivedData/SimpleTaskV2-acaltorinktlkpdrnewrufjkerjy/Build/Products/Debug-iphonesimulator/GTMAppAuth_GTMAppAuth.bundle/Info.plist /Users/wilsonlee/Library/Developer/Xcode/DerivedData/SimpleTaskV2-acaltorinktlkpdrnewrufjkerjy/Build/Intermediates.noindex/GTMAppAuth.build/Debug-iphonesimulator/GTMAppAuth_GTMAppAuth.build/empty-GTMAppAuth_GTMAppAuth.plist (in target 'GTMAppAuth_GTMAppAuth' from project 'GTMAppAuth')
    cd /Users/wilsonlee/Library/Developer/Xcode/DerivedData/SimpleTaskV2-acaltorinktlkpdrnewrufjkerjy/SourcePackages/checkouts/GTMAppAuth
    builtin-infoPlistUtility /Users/wilsonlee/Library/Developer/Xcode/DerivedData/SimpleTaskV2-acaltorinktlkpdrnewrufjkerjy/Build/Intermediates.noindex/GTMAppAuth.build/Debug-iphonesimulator/GTMAppAuth_GTMAppAuth.build/empty-GTMAppAuth_GTMAppAuth.plist -producttype com.apple.product-type.bundle -expandbuildsettings -format binary -platform iphonesimulator -o /Users/wilsonlee/Library/Developer/Xcode/DerivedData/SimpleTaskV2-acaltorinktlkpdrnewrufjkerjy/Build/Products/Debug-iphonesimulator/GTMAppAuth_GTMAppAuth.bundle/Info.plist

ProcessInfoPlistFile /Users/wilsonlee/Library/Developer/Xcode/DerivedData/SimpleTaskV2-acaltorinktlkpdrnewrufjkerjy/Build/Products/Debug-iphonesimulator/AppAuth_AppAuthCore.bundle/Info.plist /Users/wilsonlee/Library/Developer/Xcode/DerivedData/SimpleTaskV2-acaltorinktlkpdrnewrufjkerjy/Build/Intermediates.noindex/AppAuth.build/Debug-iphonesimulator/AppAuth_AppAuthCore.build/empty-AppAuth_AppAuthCore.plist (in target 'AppAuth_AppAuthCore' from project 'AppAuth')
    cd /Users/wilsonlee/Library/Developer/Xcode/DerivedData/SimpleTaskV2-acaltorinktlkpdrnewrufjkerjy/SourcePackages/checkouts/AppAuth-iOS
    builtin-infoPlistUtility /Users/wilsonlee/Library/Developer/Xcode/DerivedData/SimpleTaskV2-acaltorinktlkpdrnewrufjkerjy/Build/Intermediates.noindex/AppAuth.build/Debug-iphonesimulator/AppAuth_AppAuthCore.build/empty-AppAuth_AppAuthCore.plist -producttype com.apple.product-type.bundle -expandbuildsettings -format binary -platform iphonesimulator -o /Users/wilsonlee/Library/Developer/Xcode/DerivedData/SimpleTaskV2-acaltorinktlkpdrnewrufjkerjy/Build/Products/Debug-iphonesimulator/AppAuth_AppAuthCore.bundle/Info.plist

ProcessInfoPlistFile /Users/wilsonlee/Library/Developer/Xcode/DerivedData/SimpleTaskV2-acaltorinktlkpdrnewrufjkerjy/Build/Products/Debug-iphonesimulator/GoogleUtilities_GoogleUtilities-Logger.bundle/Info.plist /Users/wilsonlee/Library/Developer/Xcode/DerivedData/SimpleTaskV2-acaltorinktlkpdrnewrufjkerjy/Build/Intermediates.noindex/GoogleUtilities.build/Debug-iphonesimulator/GoogleUtilities_GoogleUtilities-Logger.build/empty-GoogleUtilities_GoogleUtilities-Logger.plist (in target 'GoogleUtilities_GoogleUtilities-Logger' from project 'GoogleUtilities')
    cd /Users/wilsonlee/Library/Developer/Xcode/DerivedData/SimpleTaskV2-acaltorinktlkpdrnewrufjkerjy/SourcePackages/checkouts/GoogleUtilities
    builtin-infoPlistUtility /Users/wilsonlee/Library/Developer/Xcode/DerivedData/SimpleTaskV2-acaltorinktlkpdrnewrufjkerjy/Build/Intermediates.noindex/GoogleUtilities.build/Debug-iphonesimulator/GoogleUtilities_GoogleUtilities-Logger.build/empty-GoogleUtilities_GoogleUtilities-Logger.plist -producttype com.apple.product-type.bundle -expandbuildsettings -format binary -platform iphonesimulator -o /Users/wilsonlee/Library/Developer/Xcode/DerivedData/SimpleTaskV2-acaltorinktlkpdrnewrufjkerjy/Build/Products/Debug-iphonesimulator/GoogleUtilities_GoogleUtilities-Logger.bundle/Info.plist

ProcessInfoPlistFile /Users/wilsonlee/Library/Developer/Xcode/DerivedData/SimpleTaskV2-acaltorinktlkpdrnewrufjkerjy/Build/Products/Debug-iphonesimulator/GoogleUtilities_GoogleUtilities-Environment.bundle/Info.plist /Users/wilsonlee/Library/Developer/Xcode/DerivedData/SimpleTaskV2-acaltorinktlkpdrnewrufjkerjy/Build/Intermediates.noindex/GoogleUtilities.build/Debug-iphonesimulator/GoogleUtilities_GoogleUtilities-Environment.build/empty-GoogleUtilities_GoogleUtilities-Environment.plist (in target 'GoogleUtilities_GoogleUtilities-Environment' from project 'GoogleUtilities')
    cd /Users/wilsonlee/Library/Developer/Xcode/DerivedData/SimpleTaskV2-acaltorinktlkpdrnewrufjkerjy/SourcePackages/checkouts/GoogleUtilities
    builtin-infoPlistUtility /Users/wilsonlee/Library/Developer/Xcode/DerivedData/SimpleTaskV2-acaltorinktlkpdrnewrufjkerjy/Build/Intermediates.noindex/GoogleUtilities.build/Debug-iphonesimulator/GoogleUtilities_GoogleUtilities-Environment.build/empty-GoogleUtilities_GoogleUtilities-Environment.plist -producttype com.apple.product-type.bundle -expandbuildsettings -format binary -platform iphonesimulator -o /Users/wilsonlee/Library/Developer/Xcode/DerivedData/SimpleTaskV2-acaltorinktlkpdrnewrufjkerjy/Build/Products/Debug-iphonesimulator/GoogleUtilities_GoogleUtilities-Environment.bundle/Info.plist

ProcessInfoPlistFile /Users/wilsonlee/Library/Developer/Xcode/DerivedData/SimpleTaskV2-acaltorinktlkpdrnewrufjkerjy/Build/Products/Debug-iphonesimulator/AppAuth_AppAuth.bundle/Info.plist /Users/wilsonlee/Library/Developer/Xcode/DerivedData/SimpleTaskV2-acaltorinktlkpdrnewrufjkerjy/Build/Intermediates.noindex/AppAuth.build/Debug-iphonesimulator/AppAuth_AppAuth.build/empty-AppAuth_AppAuth.plist (in target 'AppAuth_AppAuth' from project 'AppAuth')
    cd /Users/wilsonlee/Library/Developer/Xcode/DerivedData/SimpleTaskV2-acaltorinktlkpdrnewrufjkerjy/SourcePackages/checkouts/AppAuth-iOS
    builtin-infoPlistUtility /Users/wilsonlee/Library/Developer/Xcode/DerivedData/SimpleTaskV2-acaltorinktlkpdrnewrufjkerjy/Build/Intermediates.noindex/AppAuth.build/Debug-iphonesimulator/AppAuth_AppAuth.build/empty-AppAuth_AppAuth.plist -producttype com.apple.product-type.bundle -expandbuildsettings -format binary -platform iphonesimulator -o /Users/wilsonlee/Library/Developer/Xcode/DerivedData/SimpleTaskV2-acaltorinktlkpdrnewrufjkerjy/Build/Products/Debug-iphonesimulator/AppAuth_AppAuth.bundle/Info.plist

note: Disabling hardened runtime with ad-hoc codesigning. (in target 'SimpleTaskV2' from project 'SimpleTaskV2')
SwiftDriver SimpleTaskV2 normal x86_64 com.apple.xcode.tools.swift.compiler (in target 'SimpleTaskV2' from project 'SimpleTaskV2')
    cd /Users/wilsonlee/Desktop/SimpleTaskV2
    builtin-SwiftDriver -- /Applications/Xcode.app/Contents/Developer/Toolchains/XcodeDefault.xctoolchain/usr/bin/swiftc -module-name SimpleTaskV2 -Onone @/Users/wilsonlee/Library/Developer/Xcode/DerivedData/SimpleTaskV2-acaltorinktlkpdrnewrufjkerjy/Build/Intermediates.noindex/SimpleTaskV2.build/Debug-iphonesimulator/SimpleTaskV2.build/Objects-normal/x86_64/SimpleTaskV2.SwiftFileList -DDEBUG -Xcc -fmodule-map-file\=/Users/wilsonlee/Library/Developer/Xcode/DerivedData/SimpleTaskV2-acaltorinktlkpdrnewrufjkerjy/Build/Intermediates.noindex/GeneratedModuleMaps-iphonesimulator/AppAuth.modulemap -Xcc -fmodule-map-file\=/Users/wilsonlee/Library/Developer/Xcode/DerivedData/SimpleTaskV2-acaltorinktlkpdrnewrufjkerjy/Build/Intermediates.noindex/GeneratedModuleMaps-iphonesimulator/AppAuthCore.modulemap -Xcc -fmodule-map-file\=/Users/wilsonlee/Library/Developer/Xcode/DerivedData/SimpleTaskV2-acaltorinktlkpdrnewrufjkerjy/Build/Intermediates.noindex/GeneratedModuleMaps-iphonesimulator/GoogleUtilities-Logger.modulemap -Xcc -fmodule-map-file\=/Users/wilsonlee/Library/Developer/Xcode/DerivedData/SimpleTaskV2-acaltorinktlkpdrnewrufjkerjy/Build/Intermediates.noindex/GeneratedModuleMaps-iphonesimulator/GoogleUtilities-Environment.modulemap -Xcc -fmodule-map-file\=/Users/wilsonlee/Library/Developer/Xcode/DerivedData/SimpleTaskV2-acaltorinktlkpdrnewrufjkerjy/Build/Intermediates.noindex/GeneratedModuleMaps-iphonesimulator/third-party-IsAppEncrypted.modulemap -Xcc -fmodule-map-file\=/Users/wilsonlee/Library/Developer/Xcode/DerivedData/SimpleTaskV2-acaltorinktlkpdrnewrufjkerjy/Build/Intermediates.noindex/GeneratedModuleMaps-iphonesimulator/GoogleUtilities-UserDefaults.modulemap -Xcc -fmodule-map-file\=/Users/wilsonlee/Library/Developer/Xcode/DerivedData/SimpleTaskV2-acaltorinktlkpdrnewrufjkerjy/Build/Intermediates.noindex/GeneratedModuleMaps-iphonesimulator/AppCheckCore.modulemap -Xcc -fmodule-map-file\=/Users/wilsonlee/Library/Developer/Xcode/DerivedData/SimpleTaskV2-acaltorinktlkpdrnewrufjkerjy/Build/Intermediates.noindex/GeneratedModuleMaps-iphonesimulator/GTMSessionFetcherCore.modulemap -Xcc -fmodule-map-file\=/Users/wilsonlee/Library/Developer/Xcode/DerivedData/SimpleTaskV2-acaltorinktlkpdrnewrufjkerjy/Build/Intermediates.noindex/GeneratedModuleMaps-iphonesimulator/GoogleSignIn.modulemap -default-isolation\=MainActor -enable-bare-slash-regex -enable-upcoming-feature DisableOutwardActorInference -enable-upcoming-feature InferSendableFromCaptures -enable-upcoming-feature GlobalActorIsolatedTypesUsability -enable-upcoming-feature MemberImportVisibility -enable-upcoming-feature InferIsolatedConformances -enable-upcoming-feature NonisolatedNonsendingByDefault -enable-experimental-feature DebugDescriptionMacro -sdk /Applications/Xcode.app/Contents/Developer/Platforms/iPhoneSimulator.platform/Developer/SDKs/iPhoneSimulator26.5.sdk -target x86_64-apple-ios26.2-simulator -g -module-cache-path /Users/wilsonlee/Library/Developer/Xcode/DerivedData/ModuleCache.noindex -Xfrontend -serialize-debugging-options -profile-coverage-mapping -profile-generate -enable-testing -index-store-path /Users/wilsonlee/Library/Developer/Xcode/DerivedData/SimpleTaskV2-acaltorinktlkpdrnewrufjkerjy/Index.noindex/DataStore -Xcc -D_LIBCPP_HARDENING_MODE\=_LIBCPP_HARDENING_MODE_DEBUG -swift-version 5 -I /Users/wilsonlee/Library/Developer/Xcode/DerivedData/SimpleTaskV2-acaltorinktlkpdrnewrufjkerjy/Build/Products/Debug-iphonesimulator -F /Users/wilsonlee/Library/Developer/Xcode/DerivedData/SimpleTaskV2-acaltorinktlkpdrnewrufjkerjy/Build/Products/Debug-iphonesimulator/PackageFrameworks -F /Users/wilsonlee/Library/Developer/Xcode/DerivedData/SimpleTaskV2-acaltorinktlkpdrnewrufjkerjy/Build/Products/Debug-iphonesimulator/PackageFrameworks -F /Users/wilsonlee/Library/Developer/Xcode/DerivedData/SimpleTaskV2-acaltorinktlkpdrnewrufjkerjy/Build/Products/Debug-iphonesimulator/PackageFrameworks -F /Users/wilsonlee/Library/Developer/Xcode/DerivedData/SimpleTaskV2-acaltorinktlkpdrnewrufjkerjy/Build/Products/Debug-iphonesimulator/PackageFrameworks -F /Users/wilsonlee/Library/Developer/Xcode/DerivedData/SimpleTaskV2-acaltorinktlkpdrnewrufjkerjy/Build/Products/Debug-iphonesimulator/PackageFrameworks -F /Users/wilsonlee/Library/Developer/Xcode/DerivedData/SimpleTaskV2-acaltorinktlkpdrnewrufjkerjy/Build/Products/Debug-iphonesimulator/PackageFrameworks -F /Users/wilsonlee/Library/Developer/Xcode/DerivedData/SimpleTaskV2-acaltorinktlkpdrnewrufjkerjy/Build/Products/Debug-iphonesimulator/PackageFrameworks -F /Users/wilsonlee/Library/Developer/Xcode/DerivedData/SimpleTaskV2-acaltorinktlkpdrnewrufjkerjy/Build/Products/Debug-iphonesimulator/PackageFrameworks -F /Users/wilsonlee/Library/Developer/Xcode/DerivedData/SimpleTaskV2-acaltorinktlkpdrnewrufjkerjy/Build/Products/Debug-iphonesimulator/PackageFrameworks -F /Users/wilsonlee/Library/Developer/Xcode/DerivedData/SimpleTaskV2-acaltorinktlkpdrnewrufjkerjy/Build/Products/Debug-iphonesimulator/PackageFrameworks -F /Users/wilsonlee/Library/Developer/Xcode/DerivedData/SimpleTaskV2-acaltorinktlkpdrnewrufjkerjy/Build/Products/Debug-iphonesimulator/PackageFrameworks -F /Users/wilsonlee/Library/Developer/Xcode/DerivedData/SimpleTaskV2-acaltorinktlkpdrnewrufjkerjy/Build/Products/Debug-iphonesimulator/PackageFrameworks -F /Users/wilsonlee/Library/Developer/Xcode/DerivedData/SimpleTaskV2-acaltorinktlkpdrnewrufjkerjy/Build/Products/Debug-iphonesimulator -emit-localized-strings -emit-localized-strings-path /Users/wilsonlee/Library/Developer/Xcode/DerivedData/SimpleTaskV2-acaltorinktlkpdrnewrufjkerjy/Build/Intermediates.noindex/SimpleTaskV2.build/Debug-iphonesimulator/SimpleTaskV2.build/Objects-normal/x86_64 -c -j10 -enable-batch-mode -incremental -Xcc -ivfsstatcache -Xcc /Users/wilsonlee/Library/Developer/Xcode/DerivedData/SDKStatCaches.noindex/iphonesimulator26.5-23F73-6cfe768891a92b912361537c460fe42b.sdkstatcache -output-file-map /Users/wilsonlee/Library/Developer/Xcode/DerivedData/SimpleTaskV2-acaltorinktlkpdrnewrufjkerjy/Build/Intermediates.noindex/SimpleTaskV2.build/Debug-iphonesimulator/SimpleTaskV2.build/Objects-normal/x86_64/SimpleTaskV2-OutputFileMap.json -use-frontend-parseable-output -save-temps -no-color-diagnostics -explicit-module-build -module-cache-path /Users/wilsonlee/Library/Developer/Xcode/DerivedData/SimpleTaskV2-acaltorinktlkpdrnewrufjkerjy/Build/Intermediates.noindex/SwiftExplicitPrecompiledModules -clang-scanner-module-cache-path /Users/wilsonlee/Library/Developer/Xcode/DerivedData/ModuleCache.noindex -sdk-module-cache-path /Users/wilsonlee/Library/Developer/Xcode/DerivedData/ModuleCache.noindex -serialize-diagnostics -emit-dependencies -emit-module -emit-module-path /Users/wilsonlee/Library/Developer/Xcode/DerivedData/SimpleTaskV2-acaltorinktlkpdrnewrufjkerjy/Build/Intermediates.noindex/SimpleTaskV2.build/Debug-iphonesimulator/SimpleTaskV2.build/Objects-normal/x86_64/SimpleTaskV2.swiftmodule -validate-clang-modules-once -clang-build-session-file /Users/wilsonlee/Library/Developer/Xcode/DerivedData/ModuleCache.noindex/Session.modulevalidation -Xcc -I/Users/wilsonlee/Library/Developer/Xcode/DerivedData/SimpleTaskV2-acaltorinktlkpdrnewrufjkerjy/Build/Intermediates.noindex/SimpleTaskV2.build/Debug-iphonesimulator/SimpleTaskV2.build/swift-overrides.hmap -emit-const-values -Xfrontend -const-gather-protocols-file -Xfrontend /Users/wilsonlee/Library/Developer/Xcode/DerivedData/SimpleTaskV2-acaltorinktlkpdrnewrufjkerjy/Build/Intermediates.noindex/SimpleTaskV2.build/Debug-iphonesimulator/SimpleTaskV2.build/Objects-normal/x86_64/SimpleTaskV2_const_extract_protocols.json -Xcc -iquote -Xcc /Users/wilsonlee/Library/Developer/Xcode/DerivedData/SimpleTaskV2-acaltorinktlkpdrnewrufjkerjy/Build/Intermediates.noindex/SimpleTaskV2.build/Debug-iphonesimulator/SimpleTaskV2.build/SimpleTaskV2-generated-files.hmap -Xcc -I/Users/wilsonlee/Library/Developer/Xcode/DerivedData/SimpleTaskV2-acaltorinktlkpdrnewrufjkerjy/Build/Intermediates.noindex/SimpleTaskV2.build/Debug-iphonesimulator/SimpleTaskV2.build/SimpleTaskV2-own-target-headers.hmap -Xcc -I/Users/wilsonlee/Library/Developer/Xcode/DerivedData/SimpleTaskV2-acaltorinktlkpdrnewrufjkerjy/Build/Intermediates.noindex/SimpleTaskV2.build/Debug-iphonesimulator/SimpleTaskV2.build/SimpleTaskV2-all-non-framework-target-headers.hmap -Xcc -ivfsoverlay -Xcc /Users/wilsonlee/Library/Developer/Xcode/DerivedData/SimpleTaskV2-acaltorinktlkpdrnewrufjkerjy/Build/Intermediates.noindex/SimpleTaskV2.build/Debug-iphonesimulator/SimpleTaskV2-81d63fc980d5e17c31146e1eefb1776f-VFS-iphonesimulator/all-product-headers.yaml -Xcc -iquote -Xcc /Users/wilsonlee/Library/Developer/Xcode/DerivedData/SimpleTaskV2-acaltorinktlkpdrnewrufjkerjy/Build/Intermediates.noindex/SimpleTaskV2.build/Debug-iphonesimulator/SimpleTaskV2.build/SimpleTaskV2-project-headers.hmap -Xcc -I/Users/wilsonlee/Library/Developer/Xcode/DerivedData/SimpleTaskV2-acaltorinktlkpdrnewrufjkerjy/SourcePackages/checkouts/AppAuth-iOS/Sources/AppAuth -Xcc -I/Users/wilsonlee/Library/Developer/Xcode/DerivedData/SimpleTaskV2-acaltorinktlkpdrnewrufjkerjy/SourcePackages/checkouts/AppAuth-iOS/Sources/AppAuthCore -Xcc -I/Users/wilsonlee/Library/Developer/Xcode/DerivedData/SimpleTaskV2-acaltorinktlkpdrnewrufjkerjy/SourcePackages/checkouts/promises/Sources/FBLPromises/include -Xcc -I/Users/wilsonlee/Library/Developer/Xcode/DerivedData/SimpleTaskV2-acaltorinktlkpdrnewrufjkerjy/SourcePackages/checkouts/GoogleUtilities/GoogleUtilities/Logger/Public -Xcc -I/Users/wilsonlee/Library/Developer/Xcode/DerivedData/SimpleTaskV2-acaltorinktlkpdrnewrufjkerjy/SourcePackages/checkouts/GoogleUtilities/GoogleUtilities/Environment/Public -Xcc -I/Users/wilsonlee/Library/Developer/Xcode/DerivedData/SimpleTaskV2-acaltorinktlkpdrnewrufjkerjy/SourcePackages/checkouts/GoogleUtilities/third_party/IsAppEncrypted/Public -Xcc -I/Users/wilsonlee/Library/Developer/Xcode/DerivedData/SimpleTaskV2-acaltorinktlkpdrnewrufjkerjy/SourcePackages/checkouts/GoogleUtilities/GoogleUtilities/UserDefaults/Public -Xcc -I/Users/wilsonlee/Library/Developer/Xcode/DerivedData/SimpleTaskV2-acaltorinktlkpdrnewrufjkerjy/SourcePackages/checkouts/app-check/AppCheckCore/Sources/Public -Xcc -I/Users/wilsonlee/Library/Developer/Xcode/DerivedData/SimpleTaskV2-acaltorinktlkpdrnewrufjkerjy/SourcePackages/checkouts/gtm-session-fetcher/Sources/Core/Public -Xcc -I/Users/wilsonlee/Library/Developer/Xcode/DerivedData/SimpleTaskV2-acaltorinktlkpdrnewrufjkerjy/SourcePackages/checkouts/GoogleSignIn-iOS/GoogleSignIn/Sources/Public -Xcc -I/Users/wilsonlee/Library/Developer/Xcode/DerivedData/SimpleTaskV2-acaltorinktlkpdrnewrufjkerjy/Build/Products/Debug-iphonesimulator/include -Xcc -I/Users/wilsonlee/Library/Developer/Xcode/DerivedData/SimpleTaskV2-acaltorinktlkpdrnewrufjkerjy/Build/Intermediates.noindex/SimpleTaskV2.build/Debug-iphonesimulator/SimpleTaskV2.build/DerivedSources-normal/x86_64 -Xcc -I/Users/wilsonlee/Library/Developer/Xcode/DerivedData/SimpleTaskV2-acaltorinktlkpdrnewrufjkerjy/Build/Intermediates.noindex/SimpleTaskV2.build/Debug-iphonesimulator/SimpleTaskV2.build/DerivedSources/x86_64 -Xcc -I/Users/wilsonlee/Library/Developer/Xcode/DerivedData/SimpleTaskV2-acaltorinktlkpdrnewrufjkerjy/Build/Intermediates.noindex/SimpleTaskV2.build/Debug-iphonesimulator/SimpleTaskV2.build/DerivedSources -Xcc -DDEBUG\=1 -emit-objc-header -emit-objc-header-path /Users/wilsonlee/Library/Developer/Xcode/DerivedData/SimpleTaskV2-acaltorinktlkpdrnewrufjkerjy/Build/Intermediates.noindex/SimpleTaskV2.build/Debug-iphonesimulator/SimpleTaskV2.build/Objects-normal/x86_64/SimpleTaskV2-Swift.h -working-directory /Users/wilsonlee/Desktop/SimpleTaskV2 -experimental-emit-module-separately -disable-cmo

SwiftDriver SimpleTaskV2 normal arm64 com.apple.xcode.tools.swift.compiler (in target 'SimpleTaskV2' from project 'SimpleTaskV2')
    cd /Users/wilsonlee/Desktop/SimpleTaskV2
    builtin-SwiftDriver -- /Applications/Xcode.app/Contents/Developer/Toolchains/XcodeDefault.xctoolchain/usr/bin/swiftc -module-name SimpleTaskV2 -Onone @/Users/wilsonlee/Library/Developer/Xcode/DerivedData/SimpleTaskV2-acaltorinktlkpdrnewrufjkerjy/Build/Intermediates.noindex/SimpleTaskV2.build/Debug-iphonesimulator/SimpleTaskV2.build/Objects-normal/arm64/SimpleTaskV2.SwiftFileList -DDEBUG -Xcc -fmodule-map-file\=/Users/wilsonlee/Library/Developer/Xcode/DerivedData/SimpleTaskV2-acaltorinktlkpdrnewrufjkerjy/Build/Intermediates.noindex/GeneratedModuleMaps-iphonesimulator/AppAuth.modulemap -Xcc -fmodule-map-file\=/Users/wilsonlee/Library/Developer/Xcode/DerivedData/SimpleTaskV2-acaltorinktlkpdrnewrufjkerjy/Build/Intermediates.noindex/GeneratedModuleMaps-iphonesimulator/AppAuthCore.modulemap -Xcc -fmodule-map-file\=/Users/wilsonlee/Library/Developer/Xcode/DerivedData/SimpleTaskV2-acaltorinktlkpdrnewrufjkerjy/Build/Intermediates.noindex/GeneratedModuleMaps-iphonesimulator/GoogleUtilities-Logger.modulemap -Xcc -fmodule-map-file\=/Users/wilsonlee/Library/Developer/Xcode/DerivedData/SimpleTaskV2-acaltorinktlkpdrnewrufjkerjy/Build/Intermediates.noindex/GeneratedModuleMaps-iphonesimulator/GoogleUtilities-Environment.modulemap -Xcc -fmodule-map-file\=/Users/wilsonlee/Library/Developer/Xcode/DerivedData/SimpleTaskV2-acaltorinktlkpdrnewrufjkerjy/Build/Intermediates.noindex/GeneratedModuleMaps-iphonesimulator/third-party-IsAppEncrypted.modulemap -Xcc -fmodule-map-file\=/Users/wilsonlee/Library/Developer/Xcode/DerivedData/SimpleTaskV2-acaltorinktlkpdrnewrufjkerjy/Build/Intermediates.noindex/GeneratedModuleMaps-iphonesimulator/GoogleUtilities-UserDefaults.modulemap -Xcc -fmodule-map-file\=/Users/wilsonlee/Library/Developer/Xcode/DerivedData/SimpleTaskV2-acaltorinktlkpdrnewrufjkerjy/Build/Intermediates.noindex/GeneratedModuleMaps-iphonesimulator/AppCheckCore.modulemap -Xcc -fmodule-map-file\=/Users/wilsonlee/Library/Developer/Xcode/DerivedData/SimpleTaskV2-acaltorinktlkpdrnewrufjkerjy/Build/Intermediates.noindex/GeneratedModuleMaps-iphonesimulator/GTMSessionFetcherCore.modulemap -Xcc -fmodule-map-file\=/Users/wilsonlee/Library/Developer/Xcode/DerivedData/SimpleTaskV2-acaltorinktlkpdrnewrufjkerjy/Build/Intermediates.noindex/GeneratedModuleMaps-iphonesimulator/GoogleSignIn.modulemap -default-isolation\=MainActor -enable-bare-slash-regex -enable-upcoming-feature DisableOutwardActorInference -enable-upcoming-feature InferSendableFromCaptures -enable-upcoming-feature GlobalActorIsolatedTypesUsability -enable-upcoming-feature MemberImportVisibility -enable-upcoming-feature InferIsolatedConformances -enable-upcoming-feature NonisolatedNonsendingByDefault -enable-experimental-feature DebugDescriptionMacro -sdk /Applications/Xcode.app/Contents/Developer/Platforms/iPhoneSimulator.platform/Developer/SDKs/iPhoneSimulator26.5.sdk -target arm64-apple-ios26.2-simulator -g -module-cache-path /Users/wilsonlee/Library/Developer/Xcode/DerivedData/ModuleCache.noindex -Xfrontend -serialize-debugging-options -profile-coverage-mapping -profile-generate -enable-testing -index-store-path /Users/wilsonlee/Library/Developer/Xcode/DerivedData/SimpleTaskV2-acaltorinktlkpdrnewrufjkerjy/Index.noindex/DataStore -Xcc -D_LIBCPP_HARDENING_MODE\=_LIBCPP_HARDENING_MODE_DEBUG -swift-version 5 -I /Users/wilsonlee/Library/Developer/Xcode/DerivedData/SimpleTaskV2-acaltorinktlkpdrnewrufjkerjy/Build/Products/Debug-iphonesimulator -F /Users/wilsonlee/Library/Developer/Xcode/DerivedData/SimpleTaskV2-acaltorinktlkpdrnewrufjkerjy/Build/Products/Debug-iphonesimulator/PackageFrameworks -F /Users/wilsonlee/Library/Developer/Xcode/DerivedData/SimpleTaskV2-acaltorinktlkpdrnewrufjkerjy/Build/Products/Debug-iphonesimulator/PackageFrameworks -F /Users/wilsonlee/Library/Developer/Xcode/DerivedData/SimpleTaskV2-acaltorinktlkpdrnewrufjkerjy/Build/Products/Debug-iphonesimulator/PackageFrameworks -F /Users/wilsonlee/Library/Developer/Xcode/DerivedData/SimpleTaskV2-acaltorinktlkpdrnewrufjkerjy/Build/Products/Debug-iphonesimulator/PackageFrameworks -F /Users/wilsonlee/Library/Developer/Xcode/DerivedData/SimpleTaskV2-acaltorinktlkpdrnewrufjkerjy/Build/Products/Debug-iphonesimulator/PackageFrameworks -F /Users/wilsonlee/Library/Developer/Xcode/DerivedData/SimpleTaskV2-acaltorinktlkpdrnewrufjkerjy/Build/Products/Debug-iphonesimulator/PackageFrameworks -F /Users/wilsonlee/Library/Developer/Xcode/DerivedData/SimpleTaskV2-acaltorinktlkpdrnewrufjkerjy/Build/Products/Debug-iphonesimulator/PackageFrameworks -F /Users/wilsonlee/Library/Developer/Xcode/DerivedData/SimpleTaskV2-acaltorinktlkpdrnewrufjkerjy/Build/Products/Debug-iphonesimulator/PackageFrameworks -F /Users/wilsonlee/Library/Developer/Xcode/DerivedData/SimpleTaskV2-acaltorinktlkpdrnewrufjkerjy/Build/Products/Debug-iphonesimulator/PackageFrameworks -F /Users/wilsonlee/Library/Developer/Xcode/DerivedData/SimpleTaskV2-acaltorinktlkpdrnewrufjkerjy/Build/Products/Debug-iphonesimulator/PackageFrameworks -F /Users/wilsonlee/Library/Developer/Xcode/DerivedData/SimpleTaskV2-acaltorinktlkpdrnewrufjkerjy/Build/Products/Debug-iphonesimulator/PackageFrameworks -F /Users/wilsonlee/Library/Developer/Xcode/DerivedData/SimpleTaskV2-acaltorinktlkpdrnewrufjkerjy/Build/Products/Debug-iphonesimulator/PackageFrameworks -F /Users/wilsonlee/Library/Developer/Xcode/DerivedData/SimpleTaskV2-acaltorinktlkpdrnewrufjkerjy/Build/Products/Debug-iphonesimulator -emit-localized-strings -emit-localized-strings-path /Users/wilsonlee/Library/Developer/Xcode/DerivedData/SimpleTaskV2-acaltorinktlkpdrnewrufjkerjy/Build/Intermediates.noindex/SimpleTaskV2.build/Debug-iphonesimulator/SimpleTaskV2.build/Objects-normal/arm64 -c -j10 -enable-batch-mode -incremental -Xcc -ivfsstatcache -Xcc /Users/wilsonlee/Library/Developer/Xcode/DerivedData/SDKStatCaches.noindex/iphonesimulator26.5-23F73-6cfe768891a92b912361537c460fe42b.sdkstatcache -output-file-map /Users/wilsonlee/Library/Developer/Xcode/DerivedData/SimpleTaskV2-acaltorinktlkpdrnewrufjkerjy/Build/Intermediates.noindex/SimpleTaskV2.build/Debug-iphonesimulator/SimpleTaskV2.build/Objects-normal/arm64/SimpleTaskV2-OutputFileMap.json -use-frontend-parseable-output -save-temps -no-color-diagnostics -explicit-module-build -module-cache-path /Users/wilsonlee/Library/Developer/Xcode/DerivedData/SimpleTaskV2-acaltorinktlkpdrnewrufjkerjy/Build/Intermediates.noindex/SwiftExplicitPrecompiledModules -clang-scanner-module-cache-path /Users/wilsonlee/Library/Developer/Xcode/DerivedData/ModuleCache.noindex -sdk-module-cache-path /Users/wilsonlee/Library/Developer/Xcode/DerivedData/ModuleCache.noindex -serialize-diagnostics -emit-dependencies -emit-module -emit-module-path /Users/wilsonlee/Library/Developer/Xcode/DerivedData/SimpleTaskV2-acaltorinktlkpdrnewrufjkerjy/Build/Intermediates.noindex/SimpleTaskV2.build/Debug-iphonesimulator/SimpleTaskV2.build/Objects-normal/arm64/SimpleTaskV2.swiftmodule -validate-clang-modules-once -clang-build-session-file /Users/wilsonlee/Library/Developer/Xcode/DerivedData/ModuleCache.noindex/Session.modulevalidation -Xcc -I/Users/wilsonlee/Library/Developer/Xcode/DerivedData/SimpleTaskV2-acaltorinktlkpdrnewrufjkerjy/Build/Intermediates.noindex/SimpleTaskV2.build/Debug-iphonesimulator/SimpleTaskV2.build/swift-overrides.hmap -emit-const-values -Xfrontend -const-gather-protocols-file -Xfrontend /Users/wilsonlee/Library/Developer/Xcode/DerivedData/SimpleTaskV2-acaltorinktlkpdrnewrufjkerjy/Build/Intermediates.noindex/SimpleTaskV2.build/Debug-iphonesimulator/SimpleTaskV2.build/Objects-normal/arm64/SimpleTaskV2_const_extract_protocols.json -Xcc -iquote -Xcc /Users/wilsonlee/Library/Developer/Xcode/DerivedData/SimpleTaskV2-acaltorinktlkpdrnewrufjkerjy/Build/Intermediates.noindex/SimpleTaskV2.build/Debug-iphonesimulator/SimpleTaskV2.build/SimpleTaskV2-generated-files.hmap -Xcc -I/Users/wilsonlee/Library/Developer/Xcode/DerivedData/SimpleTaskV2-acaltorinktlkpdrnewrufjkerjy/Build/Intermediates.noindex/SimpleTaskV2.build/Debug-iphonesimulator/SimpleTaskV2.build/SimpleTaskV2-own-target-headers.hmap -Xcc -I/Users/wilsonlee/Library/Developer/Xcode/DerivedData/SimpleTaskV2-acaltorinktlkpdrnewrufjkerjy/Build/Intermediates.noindex/SimpleTaskV2.build/Debug-iphonesimulator/SimpleTaskV2.build/SimpleTaskV2-all-non-framework-target-headers.hmap -Xcc -ivfsoverlay -Xcc /Users/wilsonlee/Library/Developer/Xcode/DerivedData/SimpleTaskV2-acaltorinktlkpdrnewrufjkerjy/Build/Intermediates.noindex/SimpleTaskV2.build/Debug-iphonesimulator/SimpleTaskV2-81d63fc980d5e17c31146e1eefb1776f-VFS-iphonesimulator/all-product-headers.yaml -Xcc -iquote -Xcc /Users/wilsonlee/Library/Developer/Xcode/DerivedData/SimpleTaskV2-acaltorinktlkpdrnewrufjkerjy/Build/Intermediates.noindex/SimpleTaskV2.build/Debug-iphonesimulator/SimpleTaskV2.build/SimpleTaskV2-project-headers.hmap -Xcc -I/Users/wilsonlee/Library/Developer/Xcode/DerivedData/SimpleTaskV2-acaltorinktlkpdrnewrufjkerjy/SourcePackages/checkouts/AppAuth-iOS/Sources/AppAuth -Xcc -I/Users/wilsonlee/Library/Developer/Xcode/DerivedData/SimpleTaskV2-acaltorinktlkpdrnewrufjkerjy/SourcePackages/checkouts/AppAuth-iOS/Sources/AppAuthCore -Xcc -I/Users/wilsonlee/Library/Developer/Xcode/DerivedData/SimpleTaskV2-acaltorinktlkpdrnewrufjkerjy/SourcePackages/checkouts/promises/Sources/FBLPromises/include -Xcc -I/Users/wilsonlee/Library/Developer/Xcode/DerivedData/SimpleTaskV2-acaltorinktlkpdrnewrufjkerjy/SourcePackages/checkouts/GoogleUtilities/GoogleUtilities/Logger/Public -Xcc -I/Users/wilsonlee/Library/Developer/Xcode/DerivedData/SimpleTaskV2-acaltorinktlkpdrnewrufjkerjy/SourcePackages/checkouts/GoogleUtilities/GoogleUtilities/Environment/Public -Xcc -I/Users/wilsonlee/Library/Developer/Xcode/DerivedData/SimpleTaskV2-acaltorinktlkpdrnewrufjkerjy/SourcePackages/checkouts/GoogleUtilities/third_party/IsAppEncrypted/Public -Xcc -I/Users/wilsonlee/Library/Developer/Xcode/DerivedData/SimpleTaskV2-acaltorinktlkpdrnewrufjkerjy/SourcePackages/checkouts/GoogleUtilities/GoogleUtilities/UserDefaults/Public -Xcc -I/Users/wilsonlee/Library/Developer/Xcode/DerivedData/SimpleTaskV2-acaltorinktlkpdrnewrufjkerjy/SourcePackages/checkouts/app-check/AppCheckCore/Sources/Public -Xcc -I/Users/wilsonlee/Library/Developer/Xcode/DerivedData/SimpleTaskV2-acaltorinktlkpdrnewrufjkerjy/SourcePackages/checkouts/gtm-session-fetcher/Sources/Core/Public -Xcc -I/Users/wilsonlee/Library/Developer/Xcode/DerivedData/SimpleTaskV2-acaltorinktlkpdrnewrufjkerjy/SourcePackages/checkouts/GoogleSignIn-iOS/GoogleSignIn/Sources/Public -Xcc -I/Users/wilsonlee/Library/Developer/Xcode/DerivedData/SimpleTaskV2-acaltorinktlkpdrnewrufjkerjy/Build/Products/Debug-iphonesimulator/include -Xcc -I/Users/wilsonlee/Library/Developer/Xcode/DerivedData/SimpleTaskV2-acaltorinktlkpdrnewrufjkerjy/Build/Intermediates.noindex/SimpleTaskV2.build/Debug-iphonesimulator/SimpleTaskV2.build/DerivedSources-normal/arm64 -Xcc -I/Users/wilsonlee/Library/Developer/Xcode/DerivedData/SimpleTaskV2-acaltorinktlkpdrnewrufjkerjy/Build/Intermediates.noindex/SimpleTaskV2.build/Debug-iphonesimulator/SimpleTaskV2.build/DerivedSources/arm64 -Xcc -I/Users/wilsonlee/Library/Developer/Xcode/DerivedData/SimpleTaskV2-acaltorinktlkpdrnewrufjkerjy/Build/Intermediates.noindex/SimpleTaskV2.build/Debug-iphonesimulator/SimpleTaskV2.build/DerivedSources -Xcc -DDEBUG\=1 -emit-objc-header -emit-objc-header-path /Users/wilsonlee/Library/Developer/Xcode/DerivedData/SimpleTaskV2-acaltorinktlkpdrnewrufjkerjy/Build/Intermediates.noindex/SimpleTaskV2.build/Debug-iphonesimulator/SimpleTaskV2.build/Objects-normal/arm64/SimpleTaskV2-Swift.h -working-directory /Users/wilsonlee/Desktop/SimpleTaskV2 -experimental-emit-module-separately -disable-cmo

ProcessInfoPlistFile /Users/wilsonlee/Library/Developer/Xcode/DerivedData/SimpleTaskV2-acaltorinktlkpdrnewrufjkerjy/Build/Products/Debug-iphonesimulator/TaskWidgetExtension.appex/Info.plist /Users/wilsonlee/Desktop/SimpleTaskV2/TaskWidget/Info.plist (in target 'TaskWidgetExtension' from project 'SimpleTaskV2')
    cd /Users/wilsonlee/Desktop/SimpleTaskV2
    builtin-infoPlistUtility /Users/wilsonlee/Desktop/SimpleTaskV2/TaskWidget/Info.plist -producttype com.apple.product-type.app-extension -expandbuildsettings -format binary -platform iphonesimulator -additionalcontentfile /Users/wilsonlee/Library/Developer/Xcode/DerivedData/SimpleTaskV2-acaltorinktlkpdrnewrufjkerjy/Build/Intermediates.noindex/SimpleTaskV2.build/Debug-iphonesimulator/TaskWidgetExtension.build/assetcatalog_generated_info.plist -o /Users/wilsonlee/Library/Developer/Xcode/DerivedData/SimpleTaskV2-acaltorinktlkpdrnewrufjkerjy/Build/Products/Debug-iphonesimulator/TaskWidgetExtension.appex/Info.plist

SwiftCompile normal x86_64 Compiling\ InboxView.swift /Users/wilsonlee/Desktop/SimpleTaskV2/SimpleTaskV2/InboxView.swift (in target 'SimpleTaskV2' from project 'SimpleTaskV2')

SwiftCompile normal x86_64 /Users/wilsonlee/Desktop/SimpleTaskV2/SimpleTaskV2/InboxView.swift (in target 'SimpleTaskV2' from project 'SimpleTaskV2')
    cd /Users/wilsonlee/Desktop/SimpleTaskV2
    

SwiftEmitModule normal x86_64 Emitting\ module\ for\ SimpleTaskV2 (in target 'SimpleTaskV2' from project 'SimpleTaskV2')

EmitSwiftModule normal x86_64 (in target 'SimpleTaskV2' from project 'SimpleTaskV2')
    cd /Users/wilsonlee/Desktop/SimpleTaskV2
    

SwiftEmitModule normal arm64 Emitting\ module\ for\ SimpleTaskV2 (in target 'SimpleTaskV2' from project 'SimpleTaskV2')

EmitSwiftModule normal arm64 (in target 'SimpleTaskV2' from project 'SimpleTaskV2')
    cd /Users/wilsonlee/Desktop/SimpleTaskV2
    

SwiftCompile normal arm64 Compiling\ InboxView.swift /Users/wilsonlee/Desktop/SimpleTaskV2/SimpleTaskV2/InboxView.swift (in target 'SimpleTaskV2' from project 'SimpleTaskV2')

SwiftCompile normal arm64 /Users/wilsonlee/Desktop/SimpleTaskV2/SimpleTaskV2/InboxView.swift (in target 'SimpleTaskV2' from project 'SimpleTaskV2')
    cd /Users/wilsonlee/Desktop/SimpleTaskV2
    

SwiftDriverJobDiscovery normal arm64 Emitting module for SimpleTaskV2 (in target 'SimpleTaskV2' from project 'SimpleTaskV2')

SwiftDriverJobDiscovery normal x86_64 Emitting module for SimpleTaskV2 (in target 'SimpleTaskV2' from project 'SimpleTaskV2')

SwiftDriver\ Compilation\ Requirements SimpleTaskV2 normal arm64 com.apple.xcode.tools.swift.compiler (in target 'SimpleTaskV2' from project 'SimpleTaskV2')
    cd /Users/wilsonlee/Desktop/SimpleTaskV2
    builtin-Swift-Compilation-Requirements -- /Applications/Xcode.app/Contents/Developer/Toolchains/XcodeDefault.xctoolchain/usr/bin/swiftc -module-name SimpleTaskV2 -Onone @/Users/wilsonlee/Library/Developer/Xcode/DerivedData/SimpleTaskV2-acaltorinktlkpdrnewrufjkerjy/Build/Intermediates.noindex/SimpleTaskV2.build/Debug-iphonesimulator/SimpleTaskV2.build/Objects-normal/arm64/SimpleTaskV2.SwiftFileList -DDEBUG -Xcc -fmodule-map-file\=/Users/wilsonlee/Library/Developer/Xcode/DerivedData/SimpleTaskV2-acaltorinktlkpdrnewrufjkerjy/Build/Intermediates.noindex/GeneratedModuleMaps-iphonesimulator/AppAuth.modulemap -Xcc -fmodule-map-file\=/Users/wilsonlee/Library/Developer/Xcode/DerivedData/SimpleTaskV2-acaltorinktlkpdrnewrufjkerjy/Build/Intermediates.noindex/GeneratedModuleMaps-iphonesimulator/AppAuthCore.modulemap -Xcc -fmodule-map-file\=/Users/wilsonlee/Library/Developer/Xcode/DerivedData/SimpleTaskV2-acaltorinktlkpdrnewrufjkerjy/Build/Intermediates.noindex/GeneratedModuleMaps-iphonesimulator/GoogleUtilities-Logger.modulemap -Xcc -fmodule-map-file\=/Users/wilsonlee/Library/Developer/Xcode/DerivedData/SimpleTaskV2-acaltorinktlkpdrnewrufjkerjy/Build/Intermediates.noindex/GeneratedModuleMaps-iphonesimulator/GoogleUtilities-Environment.modulemap -Xcc -fmodule-map-file\=/Users/wilsonlee/Library/Developer/Xcode/DerivedData/SimpleTaskV2-acaltorinktlkpdrnewrufjkerjy/Build/Intermediates.noindex/GeneratedModuleMaps-iphonesimulator/third-party-IsAppEncrypted.modulemap -Xcc -fmodule-map-file\=/Users/wilsonlee/Library/Developer/Xcode/DerivedData/SimpleTaskV2-acaltorinktlkpdrnewrufjkerjy/Build/Intermediates.noindex/GeneratedModuleMaps-iphonesimulator/GoogleUtilities-UserDefaults.modulemap -Xcc -fmodule-map-file\=/Users/wilsonlee/Library/Developer/Xcode/DerivedData/SimpleTaskV2-acaltorinktlkpdrnewrufjkerjy/Build/Intermediates.noindex/GeneratedModuleMaps-iphonesimulator/AppCheckCore.modulemap -Xcc -fmodule-map-file\=/Users/wilsonlee/Library/Developer/Xcode/DerivedData/SimpleTaskV2-acaltorinktlkpdrnewrufjkerjy/Build/Intermediates.noindex/GeneratedModuleMaps-iphonesimulator/GTMSessionFetcherCore.modulemap -Xcc -fmodule-map-file\=/Users/wilsonlee/Library/Developer/Xcode/DerivedData/SimpleTaskV2-acaltorinktlkpdrnewrufjkerjy/Build/Intermediates.noindex/GeneratedModuleMaps-iphonesimulator/GoogleSignIn.modulemap -default-isolation\=MainActor -enable-bare-slash-regex -enable-upcoming-feature DisableOutwardActorInference -enable-upcoming-feature InferSendableFromCaptures -enable-upcoming-feature GlobalActorIsolatedTypesUsability -enable-upcoming-feature MemberImportVisibility -enable-upcoming-feature InferIsolatedConformances -enable-upcoming-feature NonisolatedNonsendingByDefault -enable-experimental-feature DebugDescriptionMacro -sdk /Applications/Xcode.app/Contents/Developer/Platforms/iPhoneSimulator.platform/Developer/SDKs/iPhoneSimulator26.5.sdk -target arm64-apple-ios26.2-simulator -g -module-cache-path /Users/wilsonlee/Library/Developer/Xcode/DerivedData/ModuleCache.noindex -Xfrontend -serialize-debugging-options -profile-coverage-mapping -profile-generate -enable-testing -index-store-path /Users/wilsonlee/Library/Developer/Xcode/DerivedData/SimpleTaskV2-acaltorinktlkpdrnewrufjkerjy/Index.noindex/DataStore -Xcc -D_LIBCPP_HARDENING_MODE\=_LIBCPP_HARDENING_MODE_DEBUG -swift-version 5 -I /Users/wilsonlee/Library/Developer/Xcode/DerivedData/SimpleTaskV2-acaltorinktlkpdrnewrufjkerjy/Build/Products/Debug-iphonesimulator -F /Users/wilsonlee/Library/Developer/Xcode/DerivedData/SimpleTaskV2-acaltorinktlkpdrnewrufjkerjy/Build/Products/Debug-iphonesimulator/PackageFrameworks -F /Users/wilsonlee/Library/Developer/Xcode/DerivedData/SimpleTaskV2-acaltorinktlkpdrnewrufjkerjy/Build/Products/Debug-iphonesimulator/PackageFrameworks -F /Users/wilsonlee/Library/Developer/Xcode/DerivedData/SimpleTaskV2-acaltorinktlkpdrnewrufjkerjy/Build/Products/Debug-iphonesimulator/PackageFrameworks -F /Users/wilsonlee/Library/Developer/Xcode/DerivedData/SimpleTaskV2-acaltorinktlkpdrnewrufjkerjy/Build/Products/Debug-iphonesimulator/PackageFrameworks -F /Users/wilsonlee/Library/Developer/Xcode/DerivedData/SimpleTaskV2-acaltorinktlkpdrnewrufjkerjy/Build/Products/Debug-iphonesimulator/PackageFrameworks -F /Users/wilsonlee/Library/Developer/Xcode/DerivedData/SimpleTaskV2-acaltorinktlkpdrnewrufjkerjy/Build/Products/Debug-iphonesimulator/PackageFrameworks -F /Users/wilsonlee/Library/Developer/Xcode/DerivedData/SimpleTaskV2-acaltorinktlkpdrnewrufjkerjy/Build/Products/Debug-iphonesimulator/PackageFrameworks -F /Users/wilsonlee/Library/Developer/Xcode/DerivedData/SimpleTaskV2-acaltorinktlkpdrnewrufjkerjy/Build/Products/Debug-iphonesimulator/PackageFrameworks -F /Users/wilsonlee/Library/Developer/Xcode/DerivedData/SimpleTaskV2-acaltorinktlkpdrnewrufjkerjy/Build/Products/Debug-iphonesimulator/PackageFrameworks -F /Users/wilsonlee/Library/Developer/Xcode/DerivedData/SimpleTaskV2-acaltorinktlkpdrnewrufjkerjy/Build/Products/Debug-iphonesimulator/PackageFrameworks -F /Users/wilsonlee/Library/Developer/Xcode/DerivedData/SimpleTaskV2-acaltorinktlkpdrnewrufjkerjy/Build/Products/Debug-iphonesimulator/PackageFrameworks -F /Users/wilsonlee/Library/Developer/Xcode/DerivedData/SimpleTaskV2-acaltorinktlkpdrnewrufjkerjy/Build/Products/Debug-iphonesimulator/PackageFrameworks -F /Users/wilsonlee/Library/Developer/Xcode/DerivedData/SimpleTaskV2-acaltorinktlkpdrnewrufjkerjy/Build/Products/Debug-iphonesimulator -emit-localized-strings -emit-localized-strings-path /Users/wilsonlee/Library/Developer/Xcode/DerivedData/SimpleTaskV2-acaltorinktlkpdrnewrufjkerjy/Build/Intermediates.noindex/SimpleTaskV2.build/Debug-iphonesimulator/SimpleTaskV2.build/Objects-normal/arm64 -c -j10 -enable-batch-mode -incremental -Xcc -ivfsstatcache -Xcc /Users/wilsonlee/Library/Developer/Xcode/DerivedData/SDKStatCaches.noindex/iphonesimulator26.5-23F73-6cfe768891a92b912361537c460fe42b.sdkstatcache -output-file-map /Users/wilsonlee/Library/Developer/Xcode/DerivedData/SimpleTaskV2-acaltorinktlkpdrnewrufjkerjy/Build/Intermediates.noindex/SimpleTaskV2.build/Debug-iphonesimulator/SimpleTaskV2.build/Objects-normal/arm64/SimpleTaskV2-OutputFileMap.json -use-frontend-parseable-output -save-temps -no-color-diagnostics -explicit-module-build -module-cache-path /Users/wilsonlee/Library/Developer/Xcode/DerivedData/SimpleTaskV2-acaltorinktlkpdrnewrufjkerjy/Build/Intermediates.noindex/SwiftExplicitPrecompiledModules -clang-scanner-module-cache-path /Users/wilsonlee/Library/Developer/Xcode/DerivedData/ModuleCache.noindex -sdk-module-cache-path /Users/wilsonlee/Library/Developer/Xcode/DerivedData/ModuleCache.noindex -serialize-diagnostics -emit-dependencies -emit-module -emit-module-path /Users/wilsonlee/Library/Developer/Xcode/DerivedData/SimpleTaskV2-acaltorinktlkpdrnewrufjkerjy/Build/Intermediates.noindex/SimpleTaskV2.build/Debug-iphonesimulator/SimpleTaskV2.build/Objects-normal/arm64/SimpleTaskV2.swiftmodule -validate-clang-modules-once -clang-build-session-file /Users/wilsonlee/Library/Developer/Xcode/DerivedData/ModuleCache.noindex/Session.modulevalidation -Xcc -I/Users/wilsonlee/Library/Developer/Xcode/DerivedData/SimpleTaskV2-acaltorinktlkpdrnewrufjkerjy/Build/Intermediates.noindex/SimpleTaskV2.build/Debug-iphonesimulator/SimpleTaskV2.build/swift-overrides.hmap -emit-const-values -Xfrontend -const-gather-protocols-file -Xfrontend /Users/wilsonlee/Library/Developer/Xcode/DerivedData/SimpleTaskV2-acaltorinktlkpdrnewrufjkerjy/Build/Intermediates.noindex/SimpleTaskV2.build/Debug-iphonesimulator/SimpleTaskV2.build/Objects-normal/arm64/SimpleTaskV2_const_extract_protocols.json -Xcc -iquote -Xcc /Users/wilsonlee/Library/Developer/Xcode/DerivedData/SimpleTaskV2-acaltorinktlkpdrnewrufjkerjy/Build/Intermediates.noindex/SimpleTaskV2.build/Debug-iphonesimulator/SimpleTaskV2.build/SimpleTaskV2-generated-files.hmap -Xcc -I/Users/wilsonlee/Library/Developer/Xcode/DerivedData/SimpleTaskV2-acaltorinktlkpdrnewrufjkerjy/Build/Intermediates.noindex/SimpleTaskV2.build/Debug-iphonesimulator/SimpleTaskV2.build/SimpleTaskV2-own-target-headers.hmap -Xcc -I/Users/wilsonlee/Library/Developer/Xcode/DerivedData/SimpleTaskV2-acaltorinktlkpdrnewrufjkerjy/Build/Intermediates.noindex/SimpleTaskV2.build/Debug-iphonesimulator/SimpleTaskV2.build/SimpleTaskV2-all-non-framework-target-headers.hmap -Xcc -ivfsoverlay -Xcc /Users/wilsonlee/Library/Developer/Xcode/DerivedData/SimpleTaskV2-acaltorinktlkpdrnewrufjkerjy/Build/Intermediates.noindex/SimpleTaskV2.build/Debug-iphonesimulator/SimpleTaskV2-81d63fc980d5e17c31146e1eefb1776f-VFS-iphonesimulator/all-product-headers.yaml -Xcc -iquote -Xcc /Users/wilsonlee/Library/Developer/Xcode/DerivedData/SimpleTaskV2-acaltorinktlkpdrnewrufjkerjy/Build/Intermediates.noindex/SimpleTaskV2.build/Debug-iphonesimulator/SimpleTaskV2.build/SimpleTaskV2-project-headers.hmap -Xcc -I/Users/wilsonlee/Library/Developer/Xcode/DerivedData/SimpleTaskV2-acaltorinktlkpdrnewrufjkerjy/SourcePackages/checkouts/AppAuth-iOS/Sources/AppAuth -Xcc -I/Users/wilsonlee/Library/Developer/Xcode/DerivedData/SimpleTaskV2-acaltorinktlkpdrnewrufjkerjy/SourcePackages/checkouts/AppAuth-iOS/Sources/AppAuthCore -Xcc -I/Users/wilsonlee/Library/Developer/Xcode/DerivedData/SimpleTaskV2-acaltorinktlkpdrnewrufjkerjy/SourcePackages/checkouts/promises/Sources/FBLPromises/include -Xcc -I/Users/wilsonlee/Library/Developer/Xcode/DerivedData/SimpleTaskV2-acaltorinktlkpdrnewrufjkerjy/SourcePackages/checkouts/GoogleUtilities/GoogleUtilities/Logger/Public -Xcc -I/Users/wilsonlee/Library/Developer/Xcode/DerivedData/SimpleTaskV2-acaltorinktlkpdrnewrufjkerjy/SourcePackages/checkouts/GoogleUtilities/GoogleUtilities/Environment/Public -Xcc -I/Users/wilsonlee/Library/Developer/Xcode/DerivedData/SimpleTaskV2-acaltorinktlkpdrnewrufjkerjy/SourcePackages/checkouts/GoogleUtilities/third_party/IsAppEncrypted/Public -Xcc -I/Users/wilsonlee/Library/Developer/Xcode/DerivedData/SimpleTaskV2-acaltorinktlkpdrnewrufjkerjy/SourcePackages/checkouts/GoogleUtilities/GoogleUtilities/UserDefaults/Public -Xcc -I/Users/wilsonlee/Library/Developer/Xcode/DerivedData/SimpleTaskV2-acaltorinktlkpdrnewrufjkerjy/SourcePackages/checkouts/app-check/AppCheckCore/Sources/Public -Xcc -I/Users/wilsonlee/Library/Developer/Xcode/DerivedData/SimpleTaskV2-acaltorinktlkpdrnewrufjkerjy/SourcePackages/checkouts/gtm-session-fetcher/Sources/Core/Public -Xcc -I/Users/wilsonlee/Library/Developer/Xcode/DerivedData/SimpleTaskV2-acaltorinktlkpdrnewrufjkerjy/SourcePackages/checkouts/GoogleSignIn-iOS/GoogleSignIn/Sources/Public -Xcc -I/Users/wilsonlee/Library/Developer/Xcode/DerivedData/SimpleTaskV2-acaltorinktlkpdrnewrufjkerjy/Build/Products/Debug-iphonesimulator/include -Xcc -I/Users/wilsonlee/Library/Developer/Xcode/DerivedData/SimpleTaskV2-acaltorinktlkpdrnewrufjkerjy/Build/Intermediates.noindex/SimpleTaskV2.build/Debug-iphonesimulator/SimpleTaskV2.build/DerivedSources-normal/arm64 -Xcc -I/Users/wilsonlee/Library/Developer/Xcode/DerivedData/SimpleTaskV2-acaltorinktlkpdrnewrufjkerjy/Build/Intermediates.noindex/SimpleTaskV2.build/Debug-iphonesimulator/SimpleTaskV2.build/DerivedSources/arm64 -Xcc -I/Users/wilsonlee/Library/Developer/Xcode/DerivedData/SimpleTaskV2-acaltorinktlkpdrnewrufjkerjy/Build/Intermediates.noindex/SimpleTaskV2.build/Debug-iphonesimulator/SimpleTaskV2.build/DerivedSources -Xcc -DDEBUG\=1 -emit-objc-header -emit-objc-header-path /Users/wilsonlee/Library/Developer/Xcode/DerivedData/SimpleTaskV2-acaltorinktlkpdrnewrufjkerjy/Build/Intermediates.noindex/SimpleTaskV2.build/Debug-iphonesimulator/SimpleTaskV2.build/Objects-normal/arm64/SimpleTaskV2-Swift.h -working-directory /Users/wilsonlee/Desktop/SimpleTaskV2 -experimental-emit-module-separately -disable-cmo

SwiftDriver\ Compilation\ Requirements SimpleTaskV2 normal x86_64 com.apple.xcode.tools.swift.compiler (in target 'SimpleTaskV2' from project 'SimpleTaskV2')
    cd /Users/wilsonlee/Desktop/SimpleTaskV2
    builtin-Swift-Compilation-Requirements -- /Applications/Xcode.app/Contents/Developer/Toolchains/XcodeDefault.xctoolchain/usr/bin/swiftc -module-name SimpleTaskV2 -Onone @/Users/wilsonlee/Library/Developer/Xcode/DerivedData/SimpleTaskV2-acaltorinktlkpdrnewrufjkerjy/Build/Intermediates.noindex/SimpleTaskV2.build/Debug-iphonesimulator/SimpleTaskV2.build/Objects-normal/x86_64/SimpleTaskV2.SwiftFileList -DDEBUG -Xcc -fmodule-map-file\=/Users/wilsonlee/Library/Developer/Xcode/DerivedData/SimpleTaskV2-acaltorinktlkpdrnewrufjkerjy/Build/Intermediates.noindex/GeneratedModuleMaps-iphonesimulator/AppAuth.modulemap -Xcc -fmodule-map-file\=/Users/wilsonlee/Library/Developer/Xcode/DerivedData/SimpleTaskV2-acaltorinktlkpdrnewrufjkerjy/Build/Intermediates.noindex/GeneratedModuleMaps-iphonesimulator/AppAuthCore.modulemap -Xcc -fmodule-map-file\=/Users/wilsonlee/Library/Developer/Xcode/DerivedData/SimpleTaskV2-acaltorinktlkpdrnewrufjkerjy/Build/Intermediates.noindex/GeneratedModuleMaps-iphonesimulator/GoogleUtilities-Logger.modulemap -Xcc -fmodule-map-file\=/Users/wilsonlee/Library/Developer/Xcode/DerivedData/SimpleTaskV2-acaltorinktlkpdrnewrufjkerjy/Build/Intermediates.noindex/GeneratedModuleMaps-iphonesimulator/GoogleUtilities-Environment.modulemap -Xcc -fmodule-map-file\=/Users/wilsonlee/Library/Developer/Xcode/DerivedData/SimpleTaskV2-acaltorinktlkpdrnewrufjkerjy/Build/Intermediates.noindex/GeneratedModuleMaps-iphonesimulator/third-party-IsAppEncrypted.modulemap -Xcc -fmodule-map-file\=/Users/wilsonlee/Library/Developer/Xcode/DerivedData/SimpleTaskV2-acaltorinktlkpdrnewrufjkerjy/Build/Intermediates.noindex/GeneratedModuleMaps-iphonesimulator/GoogleUtilities-UserDefaults.modulemap -Xcc -fmodule-map-file\=/Users/wilsonlee/Library/Developer/Xcode/DerivedData/SimpleTaskV2-acaltorinktlkpdrnewrufjkerjy/Build/Intermediates.noindex/GeneratedModuleMaps-iphonesimulator/AppCheckCore.modulemap -Xcc -fmodule-map-file\=/Users/wilsonlee/Library/Developer/Xcode/DerivedData/SimpleTaskV2-acaltorinktlkpdrnewrufjkerjy/Build/Intermediates.noindex/GeneratedModuleMaps-iphonesimulator/GTMSessionFetcherCore.modulemap -Xcc -fmodule-map-file\=/Users/wilsonlee/Library/Developer/Xcode/DerivedData/SimpleTaskV2-acaltorinktlkpdrnewrufjkerjy/Build/Intermediates.noindex/GeneratedModuleMaps-iphonesimulator/GoogleSignIn.modulemap -default-isolation\=MainActor -enable-bare-slash-regex -enable-upcoming-feature DisableOutwardActorInference -enable-upcoming-feature InferSendableFromCaptures -enable-upcoming-feature GlobalActorIsolatedTypesUsability -enable-upcoming-feature MemberImportVisibility -enable-upcoming-feature InferIsolatedConformances -enable-upcoming-feature NonisolatedNonsendingByDefault -enable-experimental-feature DebugDescriptionMacro -sdk /Applications/Xcode.app/Contents/Developer/Platforms/iPhoneSimulator.platform/Developer/SDKs/iPhoneSimulator26.5.sdk -target x86_64-apple-ios26.2-simulator -g -module-cache-path /Users/wilsonlee/Library/Developer/Xcode/DerivedData/ModuleCache.noindex -Xfrontend -serialize-debugging-options -profile-coverage-mapping -profile-generate -enable-testing -index-store-path /Users/wilsonlee/Library/Developer/Xcode/DerivedData/SimpleTaskV2-acaltorinktlkpdrnewrufjkerjy/Index.noindex/DataStore -Xcc -D_LIBCPP_HARDENING_MODE\=_LIBCPP_HARDENING_MODE_DEBUG -swift-version 5 -I /Users/wilsonlee/Library/Developer/Xcode/DerivedData/SimpleTaskV2-acaltorinktlkpdrnewrufjkerjy/Build/Products/Debug-iphonesimulator -F /Users/wilsonlee/Library/Developer/Xcode/DerivedData/SimpleTaskV2-acaltorinktlkpdrnewrufjkerjy/Build/Products/Debug-iphonesimulator/PackageFrameworks -F /Users/wilsonlee/Library/Developer/Xcode/DerivedData/SimpleTaskV2-acaltorinktlkpdrnewrufjkerjy/Build/Products/Debug-iphonesimulator/PackageFrameworks -F /Users/wilsonlee/Library/Developer/Xcode/DerivedData/SimpleTaskV2-acaltorinktlkpdrnewrufjkerjy/Build/Products/Debug-iphonesimulator/PackageFrameworks -F /Users/wilsonlee/Library/Developer/Xcode/DerivedData/SimpleTaskV2-acaltorinktlkpdrnewrufjkerjy/Build/Products/Debug-iphonesimulator/PackageFrameworks -F /Users/wilsonlee/Library/Developer/Xcode/DerivedData/SimpleTaskV2-acaltorinktlkpdrnewrufjkerjy/Build/Products/Debug-iphonesimulator/PackageFrameworks -F /Users/wilsonlee/Library/Developer/Xcode/DerivedData/SimpleTaskV2-acaltorinktlkpdrnewrufjkerjy/Build/Products/Debug-iphonesimulator/PackageFrameworks -F /Users/wilsonlee/Library/Developer/Xcode/DerivedData/SimpleTaskV2-acaltorinktlkpdrnewrufjkerjy/Build/Products/Debug-iphonesimulator/PackageFrameworks -F /Users/wilsonlee/Library/Developer/Xcode/DerivedData/SimpleTaskV2-acaltorinktlkpdrnewrufjkerjy/Build/Products/Debug-iphonesimulator/PackageFrameworks -F /Users/wilsonlee/Library/Developer/Xcode/DerivedData/SimpleTaskV2-acaltorinktlkpdrnewrufjkerjy/Build/Products/Debug-iphonesimulator/PackageFrameworks -F /Users/wilsonlee/Library/Developer/Xcode/DerivedData/SimpleTaskV2-acaltorinktlkpdrnewrufjkerjy/Build/Products/Debug-iphonesimulator/PackageFrameworks -F /Users/wilsonlee/Library/Developer/Xcode/DerivedData/SimpleTaskV2-acaltorinktlkpdrnewrufjkerjy/Build/Products/Debug-iphonesimulator/PackageFrameworks -F /Users/wilsonlee/Library/Developer/Xcode/DerivedData/SimpleTaskV2-acaltorinktlkpdrnewrufjkerjy/Build/Products/Debug-iphonesimulator/PackageFrameworks -F /Users/wilsonlee/Library/Developer/Xcode/DerivedData/SimpleTaskV2-acaltorinktlkpdrnewrufjkerjy/Build/Products/Debug-iphonesimulator -emit-localized-strings -emit-localized-strings-path /Users/wilsonlee/Library/Developer/Xcode/DerivedData/SimpleTaskV2-acaltorinktlkpdrnewrufjkerjy/Build/Intermediates.noindex/SimpleTaskV2.build/Debug-iphonesimulator/SimpleTaskV2.build/Objects-normal/x86_64 -c -j10 -enable-batch-mode -incremental -Xcc -ivfsstatcache -Xcc /Users/wilsonlee/Library/Developer/Xcode/DerivedData/SDKStatCaches.noindex/iphonesimulator26.5-23F73-6cfe768891a92b912361537c460fe42b.sdkstatcache -output-file-map /Users/wilsonlee/Library/Developer/Xcode/DerivedData/SimpleTaskV2-acaltorinktlkpdrnewrufjkerjy/Build/Intermediates.noindex/SimpleTaskV2.build/Debug-iphonesimulator/SimpleTaskV2.build/Objects-normal/x86_64/SimpleTaskV2-OutputFileMap.json -use-frontend-parseable-output -save-temps -no-color-diagnostics -explicit-module-build -module-cache-path /Users/wilsonlee/Library/Developer/Xcode/DerivedData/SimpleTaskV2-acaltorinktlkpdrnewrufjkerjy/Build/Intermediates.noindex/SwiftExplicitPrecompiledModules -clang-scanner-module-cache-path /Users/wilsonlee/Library/Developer/Xcode/DerivedData/ModuleCache.noindex -sdk-module-cache-path /Users/wilsonlee/Library/Developer/Xcode/DerivedData/ModuleCache.noindex -serialize-diagnostics -emit-dependencies -emit-module -emit-module-path /Users/wilsonlee/Library/Developer/Xcode/DerivedData/SimpleTaskV2-acaltorinktlkpdrnewrufjkerjy/Build/Intermediates.noindex/SimpleTaskV2.build/Debug-iphonesimulator/SimpleTaskV2.build/Objects-normal/x86_64/SimpleTaskV2.swiftmodule -validate-clang-modules-once -clang-build-session-file /Users/wilsonlee/Library/Developer/Xcode/DerivedData/ModuleCache.noindex/Session.modulevalidation -Xcc -I/Users/wilsonlee/Library/Developer/Xcode/DerivedData/SimpleTaskV2-acaltorinktlkpdrnewrufjkerjy/Build/Intermediates.noindex/SimpleTaskV2.build/Debug-iphonesimulator/SimpleTaskV2.build/swift-overrides.hmap -emit-const-values -Xfrontend -const-gather-protocols-file -Xfrontend /Users/wilsonlee/Library/Developer/Xcode/DerivedData/SimpleTaskV2-acaltorinktlkpdrnewrufjkerjy/Build/Intermediates.noindex/SimpleTaskV2.build/Debug-iphonesimulator/SimpleTaskV2.build/Objects-normal/x86_64/SimpleTaskV2_const_extract_protocols.json -Xcc -iquote -Xcc /Users/wilsonlee/Library/Developer/Xcode/DerivedData/SimpleTaskV2-acaltorinktlkpdrnewrufjkerjy/Build/Intermediates.noindex/SimpleTaskV2.build/Debug-iphonesimulator/SimpleTaskV2.build/SimpleTaskV2-generated-files.hmap -Xcc -I/Users/wilsonlee/Library/Developer/Xcode/DerivedData/SimpleTaskV2-acaltorinktlkpdrnewrufjkerjy/Build/Intermediates.noindex/SimpleTaskV2.build/Debug-iphonesimulator/SimpleTaskV2.build/SimpleTaskV2-own-target-headers.hmap -Xcc -I/Users/wilsonlee/Library/Developer/Xcode/DerivedData/SimpleTaskV2-acaltorinktlkpdrnewrufjkerjy/Build/Intermediates.noindex/SimpleTaskV2.build/Debug-iphonesimulator/SimpleTaskV2.build/SimpleTaskV2-all-non-framework-target-headers.hmap -Xcc -ivfsoverlay -Xcc /Users/wilsonlee/Library/Developer/Xcode/DerivedData/SimpleTaskV2-acaltorinktlkpdrnewrufjkerjy/Build/Intermediates.noindex/SimpleTaskV2.build/Debug-iphonesimulator/SimpleTaskV2-81d63fc980d5e17c31146e1eefb1776f-VFS-iphonesimulator/all-product-headers.yaml -Xcc -iquote -Xcc /Users/wilsonlee/Library/Developer/Xcode/DerivedData/SimpleTaskV2-acaltorinktlkpdrnewrufjkerjy/Build/Intermediates.noindex/SimpleTaskV2.build/Debug-iphonesimulator/SimpleTaskV2.build/SimpleTaskV2-project-headers.hmap -Xcc -I/Users/wilsonlee/Library/Developer/Xcode/DerivedData/SimpleTaskV2-acaltorinktlkpdrnewrufjkerjy/SourcePackages/checkouts/AppAuth-iOS/Sources/AppAuth -Xcc -I/Users/wilsonlee/Library/Developer/Xcode/DerivedData/SimpleTaskV2-acaltorinktlkpdrnewrufjkerjy/SourcePackages/checkouts/AppAuth-iOS/Sources/AppAuthCore -Xcc -I/Users/wilsonlee/Library/Developer/Xcode/DerivedData/SimpleTaskV2-acaltorinktlkpdrnewrufjkerjy/SourcePackages/checkouts/promises/Sources/FBLPromises/include -Xcc -I/Users/wilsonlee/Library/Developer/Xcode/DerivedData/SimpleTaskV2-acaltorinktlkpdrnewrufjkerjy/SourcePackages/checkouts/GoogleUtilities/GoogleUtilities/Logger/Public -Xcc -I/Users/wilsonlee/Library/Developer/Xcode/DerivedData/SimpleTaskV2-acaltorinktlkpdrnewrufjkerjy/SourcePackages/checkouts/GoogleUtilities/GoogleUtilities/Environment/Public -Xcc -I/Users/wilsonlee/Library/Developer/Xcode/DerivedData/SimpleTaskV2-acaltorinktlkpdrnewrufjkerjy/SourcePackages/checkouts/GoogleUtilities/third_party/IsAppEncrypted/Public -Xcc -I/Users/wilsonlee/Library/Developer/Xcode/DerivedData/SimpleTaskV2-acaltorinktlkpdrnewrufjkerjy/SourcePackages/checkouts/GoogleUtilities/GoogleUtilities/UserDefaults/Public -Xcc -I/Users/wilsonlee/Library/Developer/Xcode/DerivedData/SimpleTaskV2-acaltorinktlkpdrnewrufjkerjy/SourcePackages/checkouts/app-check/AppCheckCore/Sources/Public -Xcc -I/Users/wilsonlee/Library/Developer/Xcode/DerivedData/SimpleTaskV2-acaltorinktlkpdrnewrufjkerjy/SourcePackages/checkouts/gtm-session-fetcher/Sources/Core/Public -Xcc -I/Users/wilsonlee/Library/Developer/Xcode/DerivedData/SimpleTaskV2-acaltorinktlkpdrnewrufjkerjy/SourcePackages/checkouts/GoogleSignIn-iOS/GoogleSignIn/Sources/Public -Xcc -I/Users/wilsonlee/Library/Developer/Xcode/DerivedData/SimpleTaskV2-acaltorinktlkpdrnewrufjkerjy/Build/Products/Debug-iphonesimulator/include -Xcc -I/Users/wilsonlee/Library/Developer/Xcode/DerivedData/SimpleTaskV2-acaltorinktlkpdrnewrufjkerjy/Build/Intermediates.noindex/SimpleTaskV2.build/Debug-iphonesimulator/SimpleTaskV2.build/DerivedSources-normal/x86_64 -Xcc -I/Users/wilsonlee/Library/Developer/Xcode/DerivedData/SimpleTaskV2-acaltorinktlkpdrnewrufjkerjy/Build/Intermediates.noindex/SimpleTaskV2.build/Debug-iphonesimulator/SimpleTaskV2.build/DerivedSources/x86_64 -Xcc -I/Users/wilsonlee/Library/Developer/Xcode/DerivedData/SimpleTaskV2-acaltorinktlkpdrnewrufjkerjy/Build/Intermediates.noindex/SimpleTaskV2.build/Debug-iphonesimulator/SimpleTaskV2.build/DerivedSources -Xcc -DDEBUG\=1 -emit-objc-header -emit-objc-header-path /Users/wilsonlee/Library/Developer/Xcode/DerivedData/SimpleTaskV2-acaltorinktlkpdrnewrufjkerjy/Build/Intermediates.noindex/SimpleTaskV2.build/Debug-iphonesimulator/SimpleTaskV2.build/Objects-normal/x86_64/SimpleTaskV2-Swift.h -working-directory /Users/wilsonlee/Desktop/SimpleTaskV2 -experimental-emit-module-separately -disable-cmo

Copy /Users/wilsonlee/Library/Developer/Xcode/DerivedData/SimpleTaskV2-acaltorinktlkpdrnewrufjkerjy/Build/Products/Debug-iphonesimulator/SimpleTaskV2.swiftmodule/x86_64-apple-ios-simulator.abi.json /Users/wilsonlee/Library/Developer/Xcode/DerivedData/SimpleTaskV2-acaltorinktlkpdrnewrufjkerjy/Build/Intermediates.noindex/SimpleTaskV2.build/Debug-iphonesimulator/SimpleTaskV2.build/Objects-normal/x86_64/SimpleTaskV2.abi.json (in target 'SimpleTaskV2' from project 'SimpleTaskV2')
    cd /Users/wilsonlee/Desktop/SimpleTaskV2
    builtin-copy -exclude .DS_Store -exclude CVS -exclude .svn -exclude .git -exclude .hg -resolve-src-symlinks -rename /Users/wilsonlee/Library/Developer/Xcode/DerivedData/SimpleTaskV2-acaltorinktlkpdrnewrufjkerjy/Build/Intermediates.noindex/SimpleTaskV2.build/Debug-iphonesimulator/SimpleTaskV2.build/Objects-normal/x86_64/SimpleTaskV2.abi.json /Users/wilsonlee/Library/Developer/Xcode/DerivedData/SimpleTaskV2-acaltorinktlkpdrnewrufjkerjy/Build/Products/Debug-iphonesimulator/SimpleTaskV2.swiftmodule/x86_64-apple-ios-simulator.abi.json

Copy /Users/wilsonlee/Library/Developer/Xcode/DerivedData/SimpleTaskV2-acaltorinktlkpdrnewrufjkerjy/Build/Products/Debug-iphonesimulator/SimpleTaskV2.swiftmodule/Project/arm64-apple-ios-simulator.swiftsourceinfo /Users/wilsonlee/Library/Developer/Xcode/DerivedData/SimpleTaskV2-acaltorinktlkpdrnewrufjkerjy/Build/Intermediates.noindex/SimpleTaskV2.build/Debug-iphonesimulator/SimpleTaskV2.build/Objects-normal/arm64/SimpleTaskV2.swiftsourceinfo (in target 'SimpleTaskV2' from project 'SimpleTaskV2')
    cd /Users/wilsonlee/Desktop/SimpleTaskV2
    builtin-copy -exclude .DS_Store -exclude CVS -exclude .svn -exclude .git -exclude .hg -resolve-src-symlinks -rename /Users/wilsonlee/Library/Developer/Xcode/DerivedData/SimpleTaskV2-acaltorinktlkpdrnewrufjkerjy/Build/Intermediates.noindex/SimpleTaskV2.build/Debug-iphonesimulator/SimpleTaskV2.build/Objects-normal/arm64/SimpleTaskV2.swiftsourceinfo /Users/wilsonlee/Library/Developer/Xcode/DerivedData/SimpleTaskV2-acaltorinktlkpdrnewrufjkerjy/Build/Products/Debug-iphonesimulator/SimpleTaskV2.swiftmodule/Project/arm64-apple-ios-simulator.swiftsourceinfo

Copy /Users/wilsonlee/Library/Developer/Xcode/DerivedData/SimpleTaskV2-acaltorinktlkpdrnewrufjkerjy/Build/Products/Debug-iphonesimulator/SimpleTaskV2.swiftmodule/arm64-apple-ios-simulator.abi.json /Users/wilsonlee/Library/Developer/Xcode/DerivedData/SimpleTaskV2-acaltorinktlkpdrnewrufjkerjy/Build/Intermediates.noindex/SimpleTaskV2.build/Debug-iphonesimulator/SimpleTaskV2.build/Objects-normal/arm64/SimpleTaskV2.abi.json (in target 'SimpleTaskV2' from project 'SimpleTaskV2')
    cd /Users/wilsonlee/Desktop/SimpleTaskV2
    builtin-copy -exclude .DS_Store -exclude CVS -exclude .svn -exclude .git -exclude .hg -resolve-src-symlinks -rename /Users/wilsonlee/Library/Developer/Xcode/DerivedData/SimpleTaskV2-acaltorinktlkpdrnewrufjkerjy/Build/Intermediates.noindex/SimpleTaskV2.build/Debug-iphonesimulator/SimpleTaskV2.build/Objects-normal/arm64/SimpleTaskV2.abi.json /Users/wilsonlee/Library/Developer/Xcode/DerivedData/SimpleTaskV2-acaltorinktlkpdrnewrufjkerjy/Build/Products/Debug-iphonesimulator/SimpleTaskV2.swiftmodule/arm64-apple-ios-simulator.abi.json

Copy /Users/wilsonlee/Library/Developer/Xcode/DerivedData/SimpleTaskV2-acaltorinktlkpdrnewrufjkerjy/Build/Products/Debug-iphonesimulator/SimpleTaskV2.swiftmodule/Project/x86_64-apple-ios-simulator.swiftsourceinfo /Users/wilsonlee/Library/Developer/Xcode/DerivedData/SimpleTaskV2-acaltorinktlkpdrnewrufjkerjy/Build/Intermediates.noindex/SimpleTaskV2.build/Debug-iphonesimulator/SimpleTaskV2.build/Objects-normal/x86_64/SimpleTaskV2.swiftsourceinfo (in target 'SimpleTaskV2' from project 'SimpleTaskV2')
    cd /Users/wilsonlee/Desktop/SimpleTaskV2
    builtin-copy -exclude .DS_Store -exclude CVS -exclude .svn -exclude .git -exclude .hg -resolve-src-symlinks -rename /Users/wilsonlee/Library/Developer/Xcode/DerivedData/SimpleTaskV2-acaltorinktlkpdrnewrufjkerjy/Build/Intermediates.noindex/SimpleTaskV2.build/Debug-iphonesimulator/SimpleTaskV2.build/Objects-normal/x86_64/SimpleTaskV2.swiftsourceinfo /Users/wilsonlee/Library/Developer/Xcode/DerivedData/SimpleTaskV2-acaltorinktlkpdrnewrufjkerjy/Build/Products/Debug-iphonesimulator/SimpleTaskV2.swiftmodule/Project/x86_64-apple-ios-simulator.swiftsourceinfo

SwiftDriverJobDiscovery normal arm64 Compiling InboxView.swift (in target 'SimpleTaskV2' from project 'SimpleTaskV2')

SwiftCompile normal arm64 Compiling\ MainTabView.swift /Users/wilsonlee/Desktop/SimpleTaskV2/SimpleTaskV2/MainTabView.swift (in target 'SimpleTaskV2' from project 'SimpleTaskV2')
SwiftCompile normal arm64 /Users/wilsonlee/Desktop/SimpleTaskV2/SimpleTaskV2/MainTabView.swift (in target 'SimpleTaskV2' from project 'SimpleTaskV2')
    cd /Users/wilsonlee/Desktop/SimpleTaskV2
    

SwiftDriverJobDiscovery normal x86_64 Compiling InboxView.swift (in target 'SimpleTaskV2' from project 'SimpleTaskV2')

SwiftCompile normal x86_64 Compiling\ MainTabView.swift /Users/wilsonlee/Desktop/SimpleTaskV2/SimpleTaskV2/MainTabView.swift (in target 'SimpleTaskV2' from project 'SimpleTaskV2')
SwiftCompile normal x86_64 /Users/wilsonlee/Desktop/SimpleTaskV2/SimpleTaskV2/MainTabView.swift (in target 'SimpleTaskV2' from project 'SimpleTaskV2')
    cd /Users/wilsonlee/Desktop/SimpleTaskV2
    

SwiftDriverJobDiscovery normal arm64 Compiling MainTabView.swift (in target 'SimpleTaskV2' from project 'SimpleTaskV2')

SwiftDriver\ Compilation SimpleTaskV2 normal arm64 com.apple.xcode.tools.swift.compiler (in target 'SimpleTaskV2' from project 'SimpleTaskV2')
    cd /Users/wilsonlee/Desktop/SimpleTaskV2
    builtin-Swift-Compilation -- /Applications/Xcode.app/Contents/Developer/Toolchains/XcodeDefault.xctoolchain/usr/bin/swiftc -module-name SimpleTaskV2 -Onone @/Users/wilsonlee/Library/Developer/Xcode/DerivedData/SimpleTaskV2-acaltorinktlkpdrnewrufjkerjy/Build/Intermediates.noindex/SimpleTaskV2.build/Debug-iphonesimulator/SimpleTaskV2.build/Objects-normal/arm64/SimpleTaskV2.SwiftFileList -DDEBUG -Xcc -fmodule-map-file\=/Users/wilsonlee/Library/Developer/Xcode/DerivedData/SimpleTaskV2-acaltorinktlkpdrnewrufjkerjy/Build/Intermediates.noindex/GeneratedModuleMaps-iphonesimulator/AppAuth.modulemap -Xcc -fmodule-map-file\=/Users/wilsonlee/Library/Developer/Xcode/DerivedData/SimpleTaskV2-acaltorinktlkpdrnewrufjkerjy/Build/Intermediates.noindex/GeneratedModuleMaps-iphonesimulator/AppAuthCore.modulemap -Xcc -fmodule-map-file\=/Users/wilsonlee/Library/Developer/Xcode/DerivedData/SimpleTaskV2-acaltorinktlkpdrnewrufjkerjy/Build/Intermediates.noindex/GeneratedModuleMaps-iphonesimulator/GoogleUtilities-Logger.modulemap -Xcc -fmodule-map-file\=/Users/wilsonlee/Library/Developer/Xcode/DerivedData/SimpleTaskV2-acaltorinktlkpdrnewrufjkerjy/Build/Intermediates.noindex/GeneratedModuleMaps-iphonesimulator/GoogleUtilities-Environment.modulemap -Xcc -fmodule-map-file\=/Users/wilsonlee/Library/Developer/Xcode/DerivedData/SimpleTaskV2-acaltorinktlkpdrnewrufjkerjy/Build/Intermediates.noindex/GeneratedModuleMaps-iphonesimulator/third-party-IsAppEncrypted.modulemap -Xcc -fmodule-map-file\=/Users/wilsonlee/Library/Developer/Xcode/DerivedData/SimpleTaskV2-acaltorinktlkpdrnewrufjkerjy/Build/Intermediates.noindex/GeneratedModuleMaps-iphonesimulator/GoogleUtilities-UserDefaults.modulemap -Xcc -fmodule-map-file\=/Users/wilsonlee/Library/Developer/Xcode/DerivedData/SimpleTaskV2-acaltorinktlkpdrnewrufjkerjy/Build/Intermediates.noindex/GeneratedModuleMaps-iphonesimulator/AppCheckCore.modulemap -Xcc -fmodule-map-file\=/Users/wilsonlee/Library/Developer/Xcode/DerivedData/SimpleTaskV2-acaltorinktlkpdrnewrufjkerjy/Build/Intermediates.noindex/GeneratedModuleMaps-iphonesimulator/GTMSessionFetcherCore.modulemap -Xcc -fmodule-map-file\=/Users/wilsonlee/Library/Developer/Xcode/DerivedData/SimpleTaskV2-acaltorinktlkpdrnewrufjkerjy/Build/Intermediates.noindex/GeneratedModuleMaps-iphonesimulator/GoogleSignIn.modulemap -default-isolation\=MainActor -enable-bare-slash-regex -enable-upcoming-feature DisableOutwardActorInference -enable-upcoming-feature InferSendableFromCaptures -enable-upcoming-feature GlobalActorIsolatedTypesUsability -enable-upcoming-feature MemberImportVisibility -enable-upcoming-feature InferIsolatedConformances -enable-upcoming-feature NonisolatedNonsendingByDefault -enable-experimental-feature DebugDescriptionMacro -sdk /Applications/Xcode.app/Contents/Developer/Platforms/iPhoneSimulator.platform/Developer/SDKs/iPhoneSimulator26.5.sdk -target arm64-apple-ios26.2-simulator -g -module-cache-path /Users/wilsonlee/Library/Developer/Xcode/DerivedData/ModuleCache.noindex -Xfrontend -serialize-debugging-options -profile-coverage-mapping -profile-generate -enable-testing -index-store-path /Users/wilsonlee/Library/Developer/Xcode/DerivedData/SimpleTaskV2-acaltorinktlkpdrnewrufjkerjy/Index.noindex/DataStore -Xcc -D_LIBCPP_HARDENING_MODE\=_LIBCPP_HARDENING_MODE_DEBUG -swift-version 5 -I /Users/wilsonlee/Library/Developer/Xcode/DerivedData/SimpleTaskV2-acaltorinktlkpdrnewrufjkerjy/Build/Products/Debug-iphonesimulator -F /Users/wilsonlee/Library/Developer/Xcode/DerivedData/SimpleTaskV2-acaltorinktlkpdrnewrufjkerjy/Build/Products/Debug-iphonesimulator/PackageFrameworks -F /Users/wilsonlee/Library/Developer/Xcode/DerivedData/SimpleTaskV2-acaltorinktlkpdrnewrufjkerjy/Build/Products/Debug-iphonesimulator/PackageFrameworks -F /Users/wilsonlee/Library/Developer/Xcode/DerivedData/SimpleTaskV2-acaltorinktlkpdrnewrufjkerjy/Build/Products/Debug-iphonesimulator/PackageFrameworks -F /Users/wilsonlee/Library/Developer/Xcode/DerivedData/SimpleTaskV2-acaltorinktlkpdrnewrufjkerjy/Build/Products/Debug-iphonesimulator/PackageFrameworks -F /Users/wilsonlee/Library/Developer/Xcode/DerivedData/SimpleTaskV2-acaltorinktlkpdrnewrufjkerjy/Build/Products/Debug-iphonesimulator/PackageFrameworks -F /Users/wilsonlee/Library/Developer/Xcode/DerivedData/SimpleTaskV2-acaltorinktlkpdrnewrufjkerjy/Build/Products/Debug-iphonesimulator/PackageFrameworks -F /Users/wilsonlee/Library/Developer/Xcode/DerivedData/SimpleTaskV2-acaltorinktlkpdrnewrufjkerjy/Build/Products/Debug-iphonesimulator/PackageFrameworks -F /Users/wilsonlee/Library/Developer/Xcode/DerivedData/SimpleTaskV2-acaltorinktlkpdrnewrufjkerjy/Build/Products/Debug-iphonesimulator/PackageFrameworks -F /Users/wilsonlee/Library/Developer/Xcode/DerivedData/SimpleTaskV2-acaltorinktlkpdrnewrufjkerjy/Build/Products/Debug-iphonesimulator/PackageFrameworks -F /Users/wilsonlee/Library/Developer/Xcode/DerivedData/SimpleTaskV2-acaltorinktlkpdrnewrufjkerjy/Build/Products/Debug-iphonesimulator/PackageFrameworks -F /Users/wilsonlee/Library/Developer/Xcode/DerivedData/SimpleTaskV2-acaltorinktlkpdrnewrufjkerjy/Build/Products/Debug-iphonesimulator/PackageFrameworks -F /Users/wilsonlee/Library/Developer/Xcode/DerivedData/SimpleTaskV2-acaltorinktlkpdrnewrufjkerjy/Build/Products/Debug-iphonesimulator/PackageFrameworks -F /Users/wilsonlee/Library/Developer/Xcode/DerivedData/SimpleTaskV2-acaltorinktlkpdrnewrufjkerjy/Build/Products/Debug-iphonesimulator -emit-localized-strings -emit-localized-strings-path /Users/wilsonlee/Library/Developer/Xcode/DerivedData/SimpleTaskV2-acaltorinktlkpdrnewrufjkerjy/Build/Intermediates.noindex/SimpleTaskV2.build/Debug-iphonesimulator/SimpleTaskV2.build/Objects-normal/arm64 -c -j10 -enable-batch-mode -incremental -Xcc -ivfsstatcache -Xcc /Users/wilsonlee/Library/Developer/Xcode/DerivedData/SDKStatCaches.noindex/iphonesimulator26.5-23F73-6cfe768891a92b912361537c460fe42b.sdkstatcache -output-file-map /Users/wilsonlee/Library/Developer/Xcode/DerivedData/SimpleTaskV2-acaltorinktlkpdrnewrufjkerjy/Build/Intermediates.noindex/SimpleTaskV2.build/Debug-iphonesimulator/SimpleTaskV2.build/Objects-normal/arm64/SimpleTaskV2-OutputFileMap.json -use-frontend-parseable-output -save-temps -no-color-diagnostics -explicit-module-build -module-cache-path /Users/wilsonlee/Library/Developer/Xcode/DerivedData/SimpleTaskV2-acaltorinktlkpdrnewrufjkerjy/Build/Intermediates.noindex/SwiftExplicitPrecompiledModules -clang-scanner-module-cache-path /Users/wilsonlee/Library/Developer/Xcode/DerivedData/ModuleCache.noindex -sdk-module-cache-path /Users/wilsonlee/Library/Developer/Xcode/DerivedData/ModuleCache.noindex -serialize-diagnostics -emit-dependencies -emit-module -emit-module-path /Users/wilsonlee/Library/Developer/Xcode/DerivedData/SimpleTaskV2-acaltorinktlkpdrnewrufjkerjy/Build/Intermediates.noindex/SimpleTaskV2.build/Debug-iphonesimulator/SimpleTaskV2.build/Objects-normal/arm64/SimpleTaskV2.swiftmodule -validate-clang-modules-once -clang-build-session-file /Users/wilsonlee/Library/Developer/Xcode/DerivedData/ModuleCache.noindex/Session.modulevalidation -Xcc -I/Users/wilsonlee/Library/Developer/Xcode/DerivedData/SimpleTaskV2-acaltorinktlkpdrnewrufjkerjy/Build/Intermediates.noindex/SimpleTaskV2.build/Debug-iphonesimulator/SimpleTaskV2.build/swift-overrides.hmap -emit-const-values -Xfrontend -const-gather-protocols-file -Xfrontend /Users/wilsonlee/Library/Developer/Xcode/DerivedData/SimpleTaskV2-acaltorinktlkpdrnewrufjkerjy/Build/Intermediates.noindex/SimpleTaskV2.build/Debug-iphonesimulator/SimpleTaskV2.build/Objects-normal/arm64/SimpleTaskV2_const_extract_protocols.json -Xcc -iquote -Xcc /Users/wilsonlee/Library/Developer/Xcode/DerivedData/SimpleTaskV2-acaltorinktlkpdrnewrufjkerjy/Build/Intermediates.noindex/SimpleTaskV2.build/Debug-iphonesimulator/SimpleTaskV2.build/SimpleTaskV2-generated-files.hmap -Xcc -I/Users/wilsonlee/Library/Developer/Xcode/DerivedData/SimpleTaskV2-acaltorinktlkpdrnewrufjkerjy/Build/Intermediates.noindex/SimpleTaskV2.build/Debug-iphonesimulator/SimpleTaskV2.build/SimpleTaskV2-own-target-headers.hmap -Xcc -I/Users/wilsonlee/Library/Developer/Xcode/DerivedData/SimpleTaskV2-acaltorinktlkpdrnewrufjkerjy/Build/Intermediates.noindex/SimpleTaskV2.build/Debug-iphonesimulator/SimpleTaskV2.build/SimpleTaskV2-all-non-framework-target-headers.hmap -Xcc -ivfsoverlay -Xcc /Users/wilsonlee/Library/Developer/Xcode/DerivedData/SimpleTaskV2-acaltorinktlkpdrnewrufjkerjy/Build/Intermediates.noindex/SimpleTaskV2.build/Debug-iphonesimulator/SimpleTaskV2-81d63fc980d5e17c31146e1eefb1776f-VFS-iphonesimulator/all-product-headers.yaml -Xcc -iquote -Xcc /Users/wilsonlee/Library/Developer/Xcode/DerivedData/SimpleTaskV2-acaltorinktlkpdrnewrufjkerjy/Build/Intermediates.noindex/SimpleTaskV2.build/Debug-iphonesimulator/SimpleTaskV2.build/SimpleTaskV2-project-headers.hmap -Xcc -I/Users/wilsonlee/Library/Developer/Xcode/DerivedData/SimpleTaskV2-acaltorinktlkpdrnewrufjkerjy/SourcePackages/checkouts/AppAuth-iOS/Sources/AppAuth -Xcc -I/Users/wilsonlee/Library/Developer/Xcode/DerivedData/SimpleTaskV2-acaltorinktlkpdrnewrufjkerjy/SourcePackages/checkouts/AppAuth-iOS/Sources/AppAuthCore -Xcc -I/Users/wilsonlee/Library/Developer/Xcode/DerivedData/SimpleTaskV2-acaltorinktlkpdrnewrufjkerjy/SourcePackages/checkouts/promises/Sources/FBLPromises/include -Xcc -I/Users/wilsonlee/Library/Developer/Xcode/DerivedData/SimpleTaskV2-acaltorinktlkpdrnewrufjkerjy/SourcePackages/checkouts/GoogleUtilities/GoogleUtilities/Logger/Public -Xcc -I/Users/wilsonlee/Library/Developer/Xcode/DerivedData/SimpleTaskV2-acaltorinktlkpdrnewrufjkerjy/SourcePackages/checkouts/GoogleUtilities/GoogleUtilities/Environment/Public -Xcc -I/Users/wilsonlee/Library/Developer/Xcode/DerivedData/SimpleTaskV2-acaltorinktlkpdrnewrufjkerjy/SourcePackages/checkouts/GoogleUtilities/third_party/IsAppEncrypted/Public -Xcc -I/Users/wilsonlee/Library/Developer/Xcode/DerivedData/SimpleTaskV2-acaltorinktlkpdrnewrufjkerjy/SourcePackages/checkouts/GoogleUtilities/GoogleUtilities/UserDefaults/Public -Xcc -I/Users/wilsonlee/Library/Developer/Xcode/DerivedData/SimpleTaskV2-acaltorinktlkpdrnewrufjkerjy/SourcePackages/checkouts/app-check/AppCheckCore/Sources/Public -Xcc -I/Users/wilsonlee/Library/Developer/Xcode/DerivedData/SimpleTaskV2-acaltorinktlkpdrnewrufjkerjy/SourcePackages/checkouts/gtm-session-fetcher/Sources/Core/Public -Xcc -I/Users/wilsonlee/Library/Developer/Xcode/DerivedData/SimpleTaskV2-acaltorinktlkpdrnewrufjkerjy/SourcePackages/checkouts/GoogleSignIn-iOS/GoogleSignIn/Sources/Public -Xcc -I/Users/wilsonlee/Library/Developer/Xcode/DerivedData/SimpleTaskV2-acaltorinktlkpdrnewrufjkerjy/Build/Products/Debug-iphonesimulator/include -Xcc -I/Users/wilsonlee/Library/Developer/Xcode/DerivedData/SimpleTaskV2-acaltorinktlkpdrnewrufjkerjy/Build/Intermediates.noindex/SimpleTaskV2.build/Debug-iphonesimulator/SimpleTaskV2.build/DerivedSources-normal/arm64 -Xcc -I/Users/wilsonlee/Library/Developer/Xcode/DerivedData/SimpleTaskV2-acaltorinktlkpdrnewrufjkerjy/Build/Intermediates.noindex/SimpleTaskV2.build/Debug-iphonesimulator/SimpleTaskV2.build/DerivedSources/arm64 -Xcc -I/Users/wilsonlee/Library/Developer/Xcode/DerivedData/SimpleTaskV2-acaltorinktlkpdrnewrufjkerjy/Build/Intermediates.noindex/SimpleTaskV2.build/Debug-iphonesimulator/SimpleTaskV2.build/DerivedSources -Xcc -DDEBUG\=1 -emit-objc-header -emit-objc-header-path /Users/wilsonlee/Library/Developer/Xcode/DerivedData/SimpleTaskV2-acaltorinktlkpdrnewrufjkerjy/Build/Intermediates.noindex/SimpleTaskV2.build/Debug-iphonesimulator/SimpleTaskV2.build/Objects-normal/arm64/SimpleTaskV2-Swift.h -working-directory /Users/wilsonlee/Desktop/SimpleTaskV2 -experimental-emit-module-separately -disable-cmo

Ld /Users/wilsonlee/Library/Developer/Xcode/DerivedData/SimpleTaskV2-acaltorinktlkpdrnewrufjkerjy/Build/Intermediates.noindex/SimpleTaskV2.build/Debug-iphonesimulator/SimpleTaskV2.build/Objects-normal/arm64/Binary/SimpleTaskV2.debug.dylib normal arm64 (in target 'SimpleTaskV2' from project 'SimpleTaskV2')
    cd /Users/wilsonlee/Desktop/SimpleTaskV2
    /Applications/Xcode.app/Contents/Developer/Toolchains/XcodeDefault.xctoolchain/usr/bin/clang -Xlinker -reproducible -target arm64-apple-ios26.2-simulator -dynamiclib -isysroot /Applications/Xcode.app/Contents/Developer/Platforms/iPhoneSimulator.platform/Developer/SDKs/iPhoneSimulator26.5.sdk -O0 -L/Users/wilsonlee/Library/Developer/Xcode/DerivedData/SimpleTaskV2-acaltorinktlkpdrnewrufjkerjy/Build/Intermediates.noindex/EagerLinkingTBDs/Debug-iphonesimulator -L/Users/wilsonlee/Library/Developer/Xcode/DerivedData/SimpleTaskV2-acaltorinktlkpdrnewrufjkerjy/Build/Products/Debug-iphonesimulator -F/Users/wilsonlee/Library/Developer/Xcode/DerivedData/SimpleTaskV2-acaltorinktlkpdrnewrufjkerjy/Build/Intermediates.noindex/EagerLinkingTBDs/Debug-iphonesimulator -F/Users/wilsonlee/Library/Developer/Xcode/DerivedData/SimpleTaskV2-acaltorinktlkpdrnewrufjkerjy/Build/Products/Debug-iphonesimulator/PackageFrameworks -F/Users/wilsonlee/Library/Developer/Xcode/DerivedData/SimpleTaskV2-acaltorinktlkpdrnewrufjkerjy/Build/Products/Debug-iphonesimulator/PackageFrameworks -F/Users/wilsonlee/Library/Developer/Xcode/DerivedData/SimpleTaskV2-acaltorinktlkpdrnewrufjkerjy/Build/Products/Debug-iphonesimulator/PackageFrameworks -F/Users/wilsonlee/Library/Developer/Xcode/DerivedData/SimpleTaskV2-acaltorinktlkpdrnewrufjkerjy/Build/Products/Debug-iphonesimulator/PackageFrameworks -F/Users/wilsonlee/Library/Developer/Xcode/DerivedData/SimpleTaskV2-acaltorinktlkpdrnewrufjkerjy/Build/Products/Debug-iphonesimulator/PackageFrameworks -F/Users/wilsonlee/Library/Developer/Xcode/DerivedData/SimpleTaskV2-acaltorinktlkpdrnewrufjkerjy/Build/Products/Debug-iphonesimulator/PackageFrameworks -F/Users/wilsonlee/Library/Developer/Xcode/DerivedData/SimpleTaskV2-acaltorinktlkpdrnewrufjkerjy/Build/Products/Debug-iphonesimulator/PackageFrameworks -F/Users/wilsonlee/Library/Developer/Xcode/DerivedData/SimpleTaskV2-acaltorinktlkpdrnewrufjkerjy/Build/Products/Debug-iphonesimulator/PackageFrameworks -F/Users/wilsonlee/Library/Developer/Xcode/DerivedData/SimpleTaskV2-acaltorinktlkpdrnewrufjkerjy/Build/Products/Debug-iphonesimulator/PackageFrameworks -F/Users/wilsonlee/Library/Developer/Xcode/DerivedData/SimpleTaskV2-acaltorinktlkpdrnewrufjkerjy/Build/Products/Debug-iphonesimulator/PackageFrameworks -F/Users/wilsonlee/Library/Developer/Xcode/DerivedData/SimpleTaskV2-acaltorinktlkpdrnewrufjkerjy/Build/Products/Debug-iphonesimulator/PackageFrameworks -F/Users/wilsonlee/Library/Developer/Xcode/DerivedData/SimpleTaskV2-acaltorinktlkpdrnewrufjkerjy/Build/Products/Debug-iphonesimulator/PackageFrameworks -F/Users/wilsonlee/Library/Developer/Xcode/DerivedData/SimpleTaskV2-acaltorinktlkpdrnewrufjkerjy/Build/Products/Debug-iphonesimulator -filelist /Users/wilsonlee/Library/Developer/Xcode/DerivedData/SimpleTaskV2-acaltorinktlkpdrnewrufjkerjy/Build/Intermediates.noindex/SimpleTaskV2.build/Debug-iphonesimulator/SimpleTaskV2.build/Objects-normal/arm64/SimpleTaskV2.LinkFileList -install_name @rpath/SimpleTaskV2.debug.dylib -Xlinker -rpath -Xlinker /Users/wilsonlee/Library/Developer/Xcode/DerivedData/SimpleTaskV2-acaltorinktlkpdrnewrufjkerjy/Build/Products/Debug-iphonesimulator/PackageFrameworks -Xlinker -rpath -Xlinker @executable_path/Frameworks -Xlinker -dead_strip -Xlinker -object_path_lto -Xlinker /Users/wilsonlee/Library/Developer/Xcode/DerivedData/SimpleTaskV2-acaltorinktlkpdrnewrufjkerjy/Build/Intermediates.noindex/SimpleTaskV2.build/Debug-iphonesimulator/SimpleTaskV2.build/Objects-normal/arm64/SimpleTaskV2_lto.o -rdynamic -Xlinker -no_deduplicate -Xlinker -objc_abi_version -Xlinker 2 -Xlinker -debug_variant -Xlinker -dependency_info -Xlinker /Users/wilsonlee/Library/Developer/Xcode/DerivedData/SimpleTaskV2-acaltorinktlkpdrnewrufjkerjy/Build/Intermediates.noindex/SimpleTaskV2.build/Debug-iphonesimulator/SimpleTaskV2.build/Objects-normal/arm64/SimpleTaskV2_dependency_info.dat -fobjc-link-runtime -fprofile-instr-generate -L/Applications/Xcode.app/Contents/Developer/Toolchains/XcodeDefault.xctoolchain/usr/lib/swift/iphonesimulator -L/usr/lib/swift -Xlinker -add_ast_path -Xlinker /Users/wilsonlee/Library/Developer/Xcode/DerivedData/SimpleTaskV2-acaltorinktlkpdrnewrufjkerjy/Build/Intermediates.noindex/SimpleTaskV2.build/Debug-iphonesimulator/SimpleTaskV2.build/Objects-normal/arm64/SimpleTaskV2.swiftmodule @/Users/wilsonlee/Library/Developer/Xcode/DerivedData/SimpleTaskV2-acaltorinktlkpdrnewrufjkerjy/Build/Intermediates.noindex/SimpleTaskV2.build/Debug-iphonesimulator/SimpleTaskV2.build/Objects-normal/arm64/SimpleTaskV2-linker-args.resp -Wl,-no_warn_duplicate_libraries -Wl,-no_warn_duplicate_libraries -Wl,-no_warn_duplicate_libraries -Wl,-no_warn_duplicate_libraries -Wl,-no_warn_duplicate_libraries -Wl,-no_warn_duplicate_libraries -Wl,-no_warn_duplicate_libraries -Wl,-no_warn_duplicate_libraries -Wl,-no_warn_duplicate_libraries -Wl,-no_warn_duplicate_libraries -Wl,-no_warn_duplicate_libraries -Wl,-no_warn_duplicate_libraries -framework CoreGraphics -framework CoreText -framework Foundation -framework LocalAuthentication -framework Security -framework UIKit -framework Security -framework DeviceCheck -Xlinker -alias -Xlinker _main -Xlinker ___debug_main_executable_dylib_entry_point -Xlinker -no_adhoc_codesign -o /Users/wilsonlee/Library/Developer/Xcode/DerivedData/SimpleTaskV2-acaltorinktlkpdrnewrufjkerjy/Build/Intermediates.noindex/SimpleTaskV2.build/Debug-iphonesimulator/SimpleTaskV2.build/Objects-normal/arm64/Binary/SimpleTaskV2.debug.dylib -Xlinker -add_ast_path -Xlinker /Users/wilsonlee/Library/Developer/Xcode/DerivedData/SimpleTaskV2-acaltorinktlkpdrnewrufjkerjy/Build/Intermediates.noindex/GTMAppAuth.build/Debug-iphonesimulator/GTMAppAuth.build/Objects-normal/arm64/GTMAppAuth.swiftmodule @/Users/wilsonlee/Library/Developer/Xcode/DerivedData/SimpleTaskV2-acaltorinktlkpdrnewrufjkerjy/Build/Intermediates.noindex/GTMAppAuth.build/Debug-iphonesimulator/GTMAppAuth.build/Objects-normal/arm64/GTMAppAuth-linker-args.resp -Xlinker -add_ast_path -Xlinker /Users/wilsonlee/Library/Developer/Xcode/DerivedData/SimpleTaskV2-acaltorinktlkpdrnewrufjkerjy/Build/Intermediates.noindex/GoogleSignIn.build/Debug-iphonesimulator/GoogleSignInSwift.build/Objects-normal/arm64/GoogleSignInSwift.swiftmodule @/Users/wilsonlee/Library/Developer/Xcode/DerivedData/SimpleTaskV2-acaltorinktlkpdrnewrufjkerjy/Build/Intermediates.noindex/GoogleSignIn.build/Debug-iphonesimulator/GoogleSignInSwift.build/Objects-normal/arm64/GoogleSignInSwift-linker-args.resp

SwiftDriverJobDiscovery normal x86_64 Compiling MainTabView.swift (in target 'SimpleTaskV2' from project 'SimpleTaskV2')

SwiftDriver\ Compilation SimpleTaskV2 normal x86_64 com.apple.xcode.tools.swift.compiler (in target 'SimpleTaskV2' from project 'SimpleTaskV2')
    cd /Users/wilsonlee/Desktop/SimpleTaskV2
    builtin-Swift-Compilation -- /Applications/Xcode.app/Contents/Developer/Toolchains/XcodeDefault.xctoolchain/usr/bin/swiftc -module-name SimpleTaskV2 -Onone @/Users/wilsonlee/Library/Developer/Xcode/DerivedData/SimpleTaskV2-acaltorinktlkpdrnewrufjkerjy/Build/Intermediates.noindex/SimpleTaskV2.build/Debug-iphonesimulator/SimpleTaskV2.build/Objects-normal/x86_64/SimpleTaskV2.SwiftFileList -DDEBUG -Xcc -fmodule-map-file\=/Users/wilsonlee/Library/Developer/Xcode/DerivedData/SimpleTaskV2-acaltorinktlkpdrnewrufjkerjy/Build/Intermediates.noindex/GeneratedModuleMaps-iphonesimulator/AppAuth.modulemap -Xcc -fmodule-map-file\=/Users/wilsonlee/Library/Developer/Xcode/DerivedData/SimpleTaskV2-acaltorinktlkpdrnewrufjkerjy/Build/Intermediates.noindex/GeneratedModuleMaps-iphonesimulator/AppAuthCore.modulemap -Xcc -fmodule-map-file\=/Users/wilsonlee/Library/Developer/Xcode/DerivedData/SimpleTaskV2-acaltorinktlkpdrnewrufjkerjy/Build/Intermediates.noindex/GeneratedModuleMaps-iphonesimulator/GoogleUtilities-Logger.modulemap -Xcc -fmodule-map-file\=/Users/wilsonlee/Library/Developer/Xcode/DerivedData/SimpleTaskV2-acaltorinktlkpdrnewrufjkerjy/Build/Intermediates.noindex/GeneratedModuleMaps-iphonesimulator/GoogleUtilities-Environment.modulemap -Xcc -fmodule-map-file\=/Users/wilsonlee/Library/Developer/Xcode/DerivedData/SimpleTaskV2-acaltorinktlkpdrnewrufjkerjy/Build/Intermediates.noindex/GeneratedModuleMaps-iphonesimulator/third-party-IsAppEncrypted.modulemap -Xcc -fmodule-map-file\=/Users/wilsonlee/Library/Developer/Xcode/DerivedData/SimpleTaskV2-acaltorinktlkpdrnewrufjkerjy/Build/Intermediates.noindex/GeneratedModuleMaps-iphonesimulator/GoogleUtilities-UserDefaults.modulemap -Xcc -fmodule-map-file\=/Users/wilsonlee/Library/Developer/Xcode/DerivedData/SimpleTaskV2-acaltorinktlkpdrnewrufjkerjy/Build/Intermediates.noindex/GeneratedModuleMaps-iphonesimulator/AppCheckCore.modulemap -Xcc -fmodule-map-file\=/Users/wilsonlee/Library/Developer/Xcode/DerivedData/SimpleTaskV2-acaltorinktlkpdrnewrufjkerjy/Build/Intermediates.noindex/GeneratedModuleMaps-iphonesimulator/GTMSessionFetcherCore.modulemap -Xcc -fmodule-map-file\=/Users/wilsonlee/Library/Developer/Xcode/DerivedData/SimpleTaskV2-acaltorinktlkpdrnewrufjkerjy/Build/Intermediates.noindex/GeneratedModuleMaps-iphonesimulator/GoogleSignIn.modulemap -default-isolation\=MainActor -enable-bare-slash-regex -enable-upcoming-feature DisableOutwardActorInference -enable-upcoming-feature InferSendableFromCaptures -enable-upcoming-feature GlobalActorIsolatedTypesUsability -enable-upcoming-feature MemberImportVisibility -enable-upcoming-feature InferIsolatedConformances -enable-upcoming-feature NonisolatedNonsendingByDefault -enable-experimental-feature DebugDescriptionMacro -sdk /Applications/Xcode.app/Contents/Developer/Platforms/iPhoneSimulator.platform/Developer/SDKs/iPhoneSimulator26.5.sdk -target x86_64-apple-ios26.2-simulator -g -module-cache-path /Users/wilsonlee/Library/Developer/Xcode/DerivedData/ModuleCache.noindex -Xfrontend -serialize-debugging-options -profile-coverage-mapping -profile-generate -enable-testing -index-store-path /Users/wilsonlee/Library/Developer/Xcode/DerivedData/SimpleTaskV2-acaltorinktlkpdrnewrufjkerjy/Index.noindex/DataStore -Xcc -D_LIBCPP_HARDENING_MODE\=_LIBCPP_HARDENING_MODE_DEBUG -swift-version 5 -I /Users/wilsonlee/Library/Developer/Xcode/DerivedData/SimpleTaskV2-acaltorinktlkpdrnewrufjkerjy/Build/Products/Debug-iphonesimulator -F /Users/wilsonlee/Library/Developer/Xcode/DerivedData/SimpleTaskV2-acaltorinktlkpdrnewrufjkerjy/Build/Products/Debug-iphonesimulator/PackageFrameworks -F /Users/wilsonlee/Library/Developer/Xcode/DerivedData/SimpleTaskV2-acaltorinktlkpdrnewrufjkerjy/Build/Products/Debug-iphonesimulator/PackageFrameworks -F /Users/wilsonlee/Library/Developer/Xcode/DerivedData/SimpleTaskV2-acaltorinktlkpdrnewrufjkerjy/Build/Products/Debug-iphonesimulator/PackageFrameworks -F /Users/wilsonlee/Library/Developer/Xcode/DerivedData/SimpleTaskV2-acaltorinktlkpdrnewrufjkerjy/Build/Products/Debug-iphonesimulator/PackageFrameworks -F /Users/wilsonlee/Library/Developer/Xcode/DerivedData/SimpleTaskV2-acaltorinktlkpdrnewrufjkerjy/Build/Products/Debug-iphonesimulator/PackageFrameworks -F /Users/wilsonlee/Library/Developer/Xcode/DerivedData/SimpleTaskV2-acaltorinktlkpdrnewrufjkerjy/Build/Products/Debug-iphonesimulator/PackageFrameworks -F /Users/wilsonlee/Library/Developer/Xcode/DerivedData/SimpleTaskV2-acaltorinktlkpdrnewrufjkerjy/Build/Products/Debug-iphonesimulator/PackageFrameworks -F /Users/wilsonlee/Library/Developer/Xcode/DerivedData/SimpleTaskV2-acaltorinktlkpdrnewrufjkerjy/Build/Products/Debug-iphonesimulator/PackageFrameworks -F /Users/wilsonlee/Library/Developer/Xcode/DerivedData/SimpleTaskV2-acaltorinktlkpdrnewrufjkerjy/Build/Products/Debug-iphonesimulator/PackageFrameworks -F /Users/wilsonlee/Library/Developer/Xcode/DerivedData/SimpleTaskV2-acaltorinktlkpdrnewrufjkerjy/Build/Products/Debug-iphonesimulator/PackageFrameworks -F /Users/wilsonlee/Library/Developer/Xcode/DerivedData/SimpleTaskV2-acaltorinktlkpdrnewrufjkerjy/Build/Products/Debug-iphonesimulator/PackageFrameworks -F /Users/wilsonlee/Library/Developer/Xcode/DerivedData/SimpleTaskV2-acaltorinktlkpdrnewrufjkerjy/Build/Products/Debug-iphonesimulator/PackageFrameworks -F /Users/wilsonlee/Library/Developer/Xcode/DerivedData/SimpleTaskV2-acaltorinktlkpdrnewrufjkerjy/Build/Products/Debug-iphonesimulator -emit-localized-strings -emit-localized-strings-path /Users/wilsonlee/Library/Developer/Xcode/DerivedData/SimpleTaskV2-acaltorinktlkpdrnewrufjkerjy/Build/Intermediates.noindex/SimpleTaskV2.build/Debug-iphonesimulator/SimpleTaskV2.build/Objects-normal/x86_64 -c -j10 -enable-batch-mode -incremental -Xcc -ivfsstatcache -Xcc /Users/wilsonlee/Library/Developer/Xcode/DerivedData/SDKStatCaches.noindex/iphonesimulator26.5-23F73-6cfe768891a92b912361537c460fe42b.sdkstatcache -output-file-map /Users/wilsonlee/Library/Developer/Xcode/DerivedData/SimpleTaskV2-acaltorinktlkpdrnewrufjkerjy/Build/Intermediates.noindex/SimpleTaskV2.build/Debug-iphonesimulator/SimpleTaskV2.build/Objects-normal/x86_64/SimpleTaskV2-OutputFileMap.json -use-frontend-parseable-output -save-temps -no-color-diagnostics -explicit-module-build -module-cache-path /Users/wilsonlee/Library/Developer/Xcode/DerivedData/SimpleTaskV2-acaltorinktlkpdrnewrufjkerjy/Build/Intermediates.noindex/SwiftExplicitPrecompiledModules -clang-scanner-module-cache-path /Users/wilsonlee/Library/Developer/Xcode/DerivedData/ModuleCache.noindex -sdk-module-cache-path /Users/wilsonlee/Library/Developer/Xcode/DerivedData/ModuleCache.noindex -serialize-diagnostics -emit-dependencies -emit-module -emit-module-path /Users/wilsonlee/Library/Developer/Xcode/DerivedData/SimpleTaskV2-acaltorinktlkpdrnewrufjkerjy/Build/Intermediates.noindex/SimpleTaskV2.build/Debug-iphonesimulator/SimpleTaskV2.build/Objects-normal/x86_64/SimpleTaskV2.swiftmodule -validate-clang-modules-once -clang-build-session-file /Users/wilsonlee/Library/Developer/Xcode/DerivedData/ModuleCache.noindex/Session.modulevalidation -Xcc -I/Users/wilsonlee/Library/Developer/Xcode/DerivedData/SimpleTaskV2-acaltorinktlkpdrnewrufjkerjy/Build/Intermediates.noindex/SimpleTaskV2.build/Debug-iphonesimulator/SimpleTaskV2.build/swift-overrides.hmap -emit-const-values -Xfrontend -const-gather-protocols-file -Xfrontend /Users/wilsonlee/Library/Developer/Xcode/DerivedData/SimpleTaskV2-acaltorinktlkpdrnewrufjkerjy/Build/Intermediates.noindex/SimpleTaskV2.build/Debug-iphonesimulator/SimpleTaskV2.build/Objects-normal/x86_64/SimpleTaskV2_const_extract_protocols.json -Xcc -iquote -Xcc /Users/wilsonlee/Library/Developer/Xcode/DerivedData/SimpleTaskV2-acaltorinktlkpdrnewrufjkerjy/Build/Intermediates.noindex/SimpleTaskV2.build/Debug-iphonesimulator/SimpleTaskV2.build/SimpleTaskV2-generated-files.hmap -Xcc -I/Users/wilsonlee/Library/Developer/Xcode/DerivedData/SimpleTaskV2-acaltorinktlkpdrnewrufjkerjy/Build/Intermediates.noindex/SimpleTaskV2.build/Debug-iphonesimulator/SimpleTaskV2.build/SimpleTaskV2-own-target-headers.hmap -Xcc -I/Users/wilsonlee/Library/Developer/Xcode/DerivedData/SimpleTaskV2-acaltorinktlkpdrnewrufjkerjy/Build/Intermediates.noindex/SimpleTaskV2.build/Debug-iphonesimulator/SimpleTaskV2.build/SimpleTaskV2-all-non-framework-target-headers.hmap -Xcc -ivfsoverlay -Xcc /Users/wilsonlee/Library/Developer/Xcode/DerivedData/SimpleTaskV2-acaltorinktlkpdrnewrufjkerjy/Build/Intermediates.noindex/SimpleTaskV2.build/Debug-iphonesimulator/SimpleTaskV2-81d63fc980d5e17c31146e1eefb1776f-VFS-iphonesimulator/all-product-headers.yaml -Xcc -iquote -Xcc /Users/wilsonlee/Library/Developer/Xcode/DerivedData/SimpleTaskV2-acaltorinktlkpdrnewrufjkerjy/Build/Intermediates.noindex/SimpleTaskV2.build/Debug-iphonesimulator/SimpleTaskV2.build/SimpleTaskV2-project-headers.hmap -Xcc -I/Users/wilsonlee/Library/Developer/Xcode/DerivedData/SimpleTaskV2-acaltorinktlkpdrnewrufjkerjy/SourcePackages/checkouts/AppAuth-iOS/Sources/AppAuth -Xcc -I/Users/wilsonlee/Library/Developer/Xcode/DerivedData/SimpleTaskV2-acaltorinktlkpdrnewrufjkerjy/SourcePackages/checkouts/AppAuth-iOS/Sources/AppAuthCore -Xcc -I/Users/wilsonlee/Library/Developer/Xcode/DerivedData/SimpleTaskV2-acaltorinktlkpdrnewrufjkerjy/SourcePackages/checkouts/promises/Sources/FBLPromises/include -Xcc -I/Users/wilsonlee/Library/Developer/Xcode/DerivedData/SimpleTaskV2-acaltorinktlkpdrnewrufjkerjy/SourcePackages/checkouts/GoogleUtilities/GoogleUtilities/Logger/Public -Xcc -I/Users/wilsonlee/Library/Developer/Xcode/DerivedData/SimpleTaskV2-acaltorinktlkpdrnewrufjkerjy/SourcePackages/checkouts/GoogleUtilities/GoogleUtilities/Environment/Public -Xcc -I/Users/wilsonlee/Library/Developer/Xcode/DerivedData/SimpleTaskV2-acaltorinktlkpdrnewrufjkerjy/SourcePackages/checkouts/GoogleUtilities/third_party/IsAppEncrypted/Public -Xcc -I/Users/wilsonlee/Library/Developer/Xcode/DerivedData/SimpleTaskV2-acaltorinktlkpdrnewrufjkerjy/SourcePackages/checkouts/GoogleUtilities/GoogleUtilities/UserDefaults/Public -Xcc -I/Users/wilsonlee/Library/Developer/Xcode/DerivedData/SimpleTaskV2-acaltorinktlkpdrnewrufjkerjy/SourcePackages/checkouts/app-check/AppCheckCore/Sources/Public -Xcc -I/Users/wilsonlee/Library/Developer/Xcode/DerivedData/SimpleTaskV2-acaltorinktlkpdrnewrufjkerjy/SourcePackages/checkouts/gtm-session-fetcher/Sources/Core/Public -Xcc -I/Users/wilsonlee/Library/Developer/Xcode/DerivedData/SimpleTaskV2-acaltorinktlkpdrnewrufjkerjy/SourcePackages/checkouts/GoogleSignIn-iOS/GoogleSignIn/Sources/Public -Xcc -I/Users/wilsonlee/Library/Developer/Xcode/DerivedData/SimpleTaskV2-acaltorinktlkpdrnewrufjkerjy/Build/Products/Debug-iphonesimulator/include -Xcc -I/Users/wilsonlee/Library/Developer/Xcode/DerivedData/SimpleTaskV2-acaltorinktlkpdrnewrufjkerjy/Build/Intermediates.noindex/SimpleTaskV2.build/Debug-iphonesimulator/SimpleTaskV2.build/DerivedSources-normal/x86_64 -Xcc -I/Users/wilsonlee/Library/Developer/Xcode/DerivedData/SimpleTaskV2-acaltorinktlkpdrnewrufjkerjy/Build/Intermediates.noindex/SimpleTaskV2.build/Debug-iphonesimulator/SimpleTaskV2.build/DerivedSources/x86_64 -Xcc -I/Users/wilsonlee/Library/Developer/Xcode/DerivedData/SimpleTaskV2-acaltorinktlkpdrnewrufjkerjy/Build/Intermediates.noindex/SimpleTaskV2.build/Debug-iphonesimulator/SimpleTaskV2.build/DerivedSources -Xcc -DDEBUG\=1 -emit-objc-header -emit-objc-header-path /Users/wilsonlee/Library/Developer/Xcode/DerivedData/SimpleTaskV2-acaltorinktlkpdrnewrufjkerjy/Build/Intermediates.noindex/SimpleTaskV2.build/Debug-iphonesimulator/SimpleTaskV2.build/Objects-normal/x86_64/SimpleTaskV2-Swift.h -working-directory /Users/wilsonlee/Desktop/SimpleTaskV2 -experimental-emit-module-separately -disable-cmo

Ld /Users/wilsonlee/Library/Developer/Xcode/DerivedData/SimpleTaskV2-acaltorinktlkpdrnewrufjkerjy/Build/Intermediates.noindex/SimpleTaskV2.build/Debug-iphonesimulator/SimpleTaskV2.build/Objects-normal/x86_64/Binary/SimpleTaskV2.debug.dylib normal x86_64 (in target 'SimpleTaskV2' from project 'SimpleTaskV2')
    cd /Users/wilsonlee/Desktop/SimpleTaskV2
    /Applications/Xcode.app/Contents/Developer/Toolchains/XcodeDefault.xctoolchain/usr/bin/clang -Xlinker -reproducible -target x86_64-apple-ios26.2-simulator -dynamiclib -isysroot /Applications/Xcode.app/Contents/Developer/Platforms/iPhoneSimulator.platform/Developer/SDKs/iPhoneSimulator26.5.sdk -O0 -L/Users/wilsonlee/Library/Developer/Xcode/DerivedData/SimpleTaskV2-acaltorinktlkpdrnewrufjkerjy/Build/Intermediates.noindex/EagerLinkingTBDs/Debug-iphonesimulator -L/Users/wilsonlee/Library/Developer/Xcode/DerivedData/SimpleTaskV2-acaltorinktlkpdrnewrufjkerjy/Build/Products/Debug-iphonesimulator -F/Users/wilsonlee/Library/Developer/Xcode/DerivedData/SimpleTaskV2-acaltorinktlkpdrnewrufjkerjy/Build/Intermediates.noindex/EagerLinkingTBDs/Debug-iphonesimulator -F/Users/wilsonlee/Library/Developer/Xcode/DerivedData/SimpleTaskV2-acaltorinktlkpdrnewrufjkerjy/Build/Products/Debug-iphonesimulator/PackageFrameworks -F/Users/wilsonlee/Library/Developer/Xcode/DerivedData/SimpleTaskV2-acaltorinktlkpdrnewrufjkerjy/Build/Products/Debug-iphonesimulator/PackageFrameworks -F/Users/wilsonlee/Library/Developer/Xcode/DerivedData/SimpleTaskV2-acaltorinktlkpdrnewrufjkerjy/Build/Products/Debug-iphonesimulator/PackageFrameworks -F/Users/wilsonlee/Library/Developer/Xcode/DerivedData/SimpleTaskV2-acaltorinktlkpdrnewrufjkerjy/Build/Products/Debug-iphonesimulator/PackageFrameworks -F/Users/wilsonlee/Library/Developer/Xcode/DerivedData/SimpleTaskV2-acaltorinktlkpdrnewrufjkerjy/Build/Products/Debug-iphonesimulator/PackageFrameworks -F/Users/wilsonlee/Library/Developer/Xcode/DerivedData/SimpleTaskV2-acaltorinktlkpdrnewrufjkerjy/Build/Products/Debug-iphonesimulator/PackageFrameworks -F/Users/wilsonlee/Library/Developer/Xcode/DerivedData/SimpleTaskV2-acaltorinktlkpdrnewrufjkerjy/Build/Products/Debug-iphonesimulator/PackageFrameworks -F/Users/wilsonlee/Library/Developer/Xcode/DerivedData/SimpleTaskV2-acaltorinktlkpdrnewrufjkerjy/Build/Products/Debug-iphonesimulator/PackageFrameworks -F/Users/wilsonlee/Library/Developer/Xcode/DerivedData/SimpleTaskV2-acaltorinktlkpdrnewrufjkerjy/Build/Products/Debug-iphonesimulator/PackageFrameworks -F/Users/wilsonlee/Library/Developer/Xcode/DerivedData/SimpleTaskV2-acaltorinktlkpdrnewrufjkerjy/Build/Products/Debug-iphonesimulator/PackageFrameworks -F/Users/wilsonlee/Library/Developer/Xcode/DerivedData/SimpleTaskV2-acaltorinktlkpdrnewrufjkerjy/Build/Products/Debug-iphonesimulator/PackageFrameworks -F/Users/wilsonlee/Library/Developer/Xcode/DerivedData/SimpleTaskV2-acaltorinktlkpdrnewrufjkerjy/Build/Products/Debug-iphonesimulator/PackageFrameworks -F/Users/wilsonlee/Library/Developer/Xcode/DerivedData/SimpleTaskV2-acaltorinktlkpdrnewrufjkerjy/Build/Products/Debug-iphonesimulator -filelist /Users/wilsonlee/Library/Developer/Xcode/DerivedData/SimpleTaskV2-acaltorinktlkpdrnewrufjkerjy/Build/Intermediates.noindex/SimpleTaskV2.build/Debug-iphonesimulator/SimpleTaskV2.build/Objects-normal/x86_64/SimpleTaskV2.LinkFileList -install_name @rpath/SimpleTaskV2.debug.dylib -Xlinker -rpath -Xlinker /Users/wilsonlee/Library/Developer/Xcode/DerivedData/SimpleTaskV2-acaltorinktlkpdrnewrufjkerjy/Build/Products/Debug-iphonesimulator/PackageFrameworks -Xlinker -rpath -Xlinker @executable_path/Frameworks -Xlinker -dead_strip -Xlinker -object_path_lto -Xlinker /Users/wilsonlee/Library/Developer/Xcode/DerivedData/SimpleTaskV2-acaltorinktlkpdrnewrufjkerjy/Build/Intermediates.noindex/SimpleTaskV2.build/Debug-iphonesimulator/SimpleTaskV2.build/Objects-normal/x86_64/SimpleTaskV2_lto.o -rdynamic -Xlinker -no_deduplicate -Xlinker -objc_abi_version -Xlinker 2 -Xlinker -debug_variant -Xlinker -dependency_info -Xlinker /Users/wilsonlee/Library/Developer/Xcode/DerivedData/SimpleTaskV2-acaltorinktlkpdrnewrufjkerjy/Build/Intermediates.noindex/SimpleTaskV2.build/Debug-iphonesimulator/SimpleTaskV2.build/Objects-normal/x86_64/SimpleTaskV2_dependency_info.dat -fobjc-link-runtime -fprofile-instr-generate -L/Applications/Xcode.app/Contents/Developer/Toolchains/XcodeDefault.xctoolchain/usr/lib/swift/iphonesimulator -L/usr/lib/swift -Xlinker -add_ast_path -Xlinker /Users/wilsonlee/Library/Developer/Xcode/DerivedData/SimpleTaskV2-acaltorinktlkpdrnewrufjkerjy/Build/Intermediates.noindex/SimpleTaskV2.build/Debug-iphonesimulator/SimpleTaskV2.build/Objects-normal/x86_64/SimpleTaskV2.swiftmodule @/Users/wilsonlee/Library/Developer/Xcode/DerivedData/SimpleTaskV2-acaltorinktlkpdrnewrufjkerjy/Build/Intermediates.noindex/SimpleTaskV2.build/Debug-iphonesimulator/SimpleTaskV2.build/Objects-normal/x86_64/SimpleTaskV2-linker-args.resp -Wl,-no_warn_duplicate_libraries -Wl,-no_warn_duplicate_libraries -Wl,-no_warn_duplicate_libraries -Wl,-no_warn_duplicate_libraries -Wl,-no_warn_duplicate_libraries -Wl,-no_warn_duplicate_libraries -Wl,-no_warn_duplicate_libraries -Wl,-no_warn_duplicate_libraries -Wl,-no_warn_duplicate_libraries -Wl,-no_warn_duplicate_libraries -Wl,-no_warn_duplicate_libraries -Wl,-no_warn_duplicate_libraries -framework CoreGraphics -framework CoreText -framework Foundation -framework LocalAuthentication -framework Security -framework UIKit -framework Security -framework DeviceCheck -Xlinker -alias -Xlinker _main -Xlinker ___debug_main_executable_dylib_entry_point -Xlinker -no_adhoc_codesign -o /Users/wilsonlee/Library/Developer/Xcode/DerivedData/SimpleTaskV2-acaltorinktlkpdrnewrufjkerjy/Build/Intermediates.noindex/SimpleTaskV2.build/Debug-iphonesimulator/SimpleTaskV2.build/Objects-normal/x86_64/Binary/SimpleTaskV2.debug.dylib -Xlinker -add_ast_path -Xlinker /Users/wilsonlee/Library/Developer/Xcode/DerivedData/SimpleTaskV2-acaltorinktlkpdrnewrufjkerjy/Build/Intermediates.noindex/GTMAppAuth.build/Debug-iphonesimulator/GTMAppAuth.build/Objects-normal/x86_64/GTMAppAuth.swiftmodule @/Users/wilsonlee/Library/Developer/Xcode/DerivedData/SimpleTaskV2-acaltorinktlkpdrnewrufjkerjy/Build/Intermediates.noindex/GTMAppAuth.build/Debug-iphonesimulator/GTMAppAuth.build/Objects-normal/x86_64/GTMAppAuth-linker-args.resp -Xlinker -add_ast_path -Xlinker /Users/wilsonlee/Library/Developer/Xcode/DerivedData/SimpleTaskV2-acaltorinktlkpdrnewrufjkerjy/Build/Intermediates.noindex/GoogleSignIn.build/Debug-iphonesimulator/GoogleSignInSwift.build/Objects-normal/x86_64/GoogleSignInSwift.swiftmodule @/Users/wilsonlee/Library/Developer/Xcode/DerivedData/SimpleTaskV2-acaltorinktlkpdrnewrufjkerjy/Build/Intermediates.noindex/GoogleSignIn.build/Debug-iphonesimulator/GoogleSignInSwift.build/Objects-normal/x86_64/GoogleSignInSwift-linker-args.resp

ConstructStubExecutorLinkFileList /Users/wilsonlee/Library/Developer/Xcode/DerivedData/SimpleTaskV2-acaltorinktlkpdrnewrufjkerjy/Build/Intermediates.noindex/SimpleTaskV2.build/Debug-iphonesimulator/SimpleTaskV2.build/SimpleTaskV2-ExecutorLinkFileList-normal-arm64.txt (in target 'SimpleTaskV2' from project 'SimpleTaskV2')
    cd /Users/wilsonlee/Desktop/SimpleTaskV2
    construct-stub-executor-link-file-list /Users/wilsonlee/Library/Developer/Xcode/DerivedData/SimpleTaskV2-acaltorinktlkpdrnewrufjkerjy/Build/Intermediates.noindex/SimpleTaskV2.build/Debug-iphonesimulator/SimpleTaskV2.build/Objects-normal/arm64/Binary/SimpleTaskV2.debug.dylib /Applications/Xcode.app/Contents/Developer/Platforms/iPhoneSimulator.platform/Developer/usr/lib/libPreviewsJITStubExecutor_no_swift_entry_point.a /Applications/Xcode.app/Contents/Developer/Platforms/iPhoneSimulator.platform/Developer/usr/lib/libPreviewsJITStubExecutor.a --output /Users/wilsonlee/Library/Developer/Xcode/DerivedData/SimpleTaskV2-acaltorinktlkpdrnewrufjkerjy/Build/Intermediates.noindex/SimpleTaskV2.build/Debug-iphonesimulator/SimpleTaskV2.build/SimpleTaskV2-ExecutorLinkFileList-normal-arm64.txt
note: Using stub executor library with Swift entry point. (in target 'SimpleTaskV2' from project 'SimpleTaskV2')

Ld /Users/wilsonlee/Library/Developer/Xcode/DerivedData/SimpleTaskV2-acaltorinktlkpdrnewrufjkerjy/Build/Intermediates.noindex/SimpleTaskV2.build/Debug-iphonesimulator/SimpleTaskV2.build/Objects-normal/arm64/Binary/SimpleTaskV2 normal arm64 (in target 'SimpleTaskV2' from project 'SimpleTaskV2')
    cd /Users/wilsonlee/Desktop/SimpleTaskV2
    /Applications/Xcode.app/Contents/Developer/Toolchains/XcodeDefault.xctoolchain/usr/bin/clang -Xlinker -reproducible -target arm64-apple-ios26.2-simulator -isysroot /Applications/Xcode.app/Contents/Developer/Platforms/iPhoneSimulator.platform/Developer/SDKs/iPhoneSimulator26.5.sdk -O0 -L/Users/wilsonlee/Library/Developer/Xcode/DerivedData/SimpleTaskV2-acaltorinktlkpdrnewrufjkerjy/Build/Products/Debug-iphonesimulator -F/Users/wilsonlee/Library/Developer/Xcode/DerivedData/SimpleTaskV2-acaltorinktlkpdrnewrufjkerjy/Build/Products/Debug-iphonesimulator/PackageFrameworks -F/Users/wilsonlee/Library/Developer/Xcode/DerivedData/SimpleTaskV2-acaltorinktlkpdrnewrufjkerjy/Build/Products/Debug-iphonesimulator/PackageFrameworks -F/Users/wilsonlee/Library/Developer/Xcode/DerivedData/SimpleTaskV2-acaltorinktlkpdrnewrufjkerjy/Build/Products/Debug-iphonesimulator/PackageFrameworks -F/Users/wilsonlee/Library/Developer/Xcode/DerivedData/SimpleTaskV2-acaltorinktlkpdrnewrufjkerjy/Build/Products/Debug-iphonesimulator/PackageFrameworks -F/Users/wilsonlee/Library/Developer/Xcode/DerivedData/SimpleTaskV2-acaltorinktlkpdrnewrufjkerjy/Build/Products/Debug-iphonesimulator/PackageFrameworks -F/Users/wilsonlee/Library/Developer/Xcode/DerivedData/SimpleTaskV2-acaltorinktlkpdrnewrufjkerjy/Build/Products/Debug-iphonesimulator/PackageFrameworks -F/Users/wilsonlee/Library/Developer/Xcode/DerivedData/SimpleTaskV2-acaltorinktlkpdrnewrufjkerjy/Build/Products/Debug-iphonesimulator/PackageFrameworks -F/Users/wilsonlee/Library/Developer/Xcode/DerivedData/SimpleTaskV2-acaltorinktlkpdrnewrufjkerjy/Build/Products/Debug-iphonesimulator/PackageFrameworks -F/Users/wilsonlee/Library/Developer/Xcode/DerivedData/SimpleTaskV2-acaltorinktlkpdrnewrufjkerjy/Build/Products/Debug-iphonesimulator/PackageFrameworks -F/Users/wilsonlee/Library/Developer/Xcode/DerivedData/SimpleTaskV2-acaltorinktlkpdrnewrufjkerjy/Build/Products/Debug-iphonesimulator/PackageFrameworks -F/Users/wilsonlee/Library/Developer/Xcode/DerivedData/SimpleTaskV2-acaltorinktlkpdrnewrufjkerjy/Build/Products/Debug-iphonesimulator/PackageFrameworks -F/Users/wilsonlee/Library/Developer/Xcode/DerivedData/SimpleTaskV2-acaltorinktlkpdrnewrufjkerjy/Build/Products/Debug-iphonesimulator/PackageFrameworks -F/Users/wilsonlee/Library/Developer/Xcode/DerivedData/SimpleTaskV2-acaltorinktlkpdrnewrufjkerjy/Build/Products/Debug-iphonesimulator -Xlinker -rpath -Xlinker @executable_path -Xlinker -rpath -Xlinker /Users/wilsonlee/Library/Developer/Xcode/DerivedData/SimpleTaskV2-acaltorinktlkpdrnewrufjkerjy/Build/Products/Debug-iphonesimulator/PackageFrameworks -Xlinker -rpath -Xlinker @executable_path/Frameworks -rdynamic -Xlinker -no_deduplicate -Xlinker -objc_abi_version -Xlinker 2 -Xlinker -debug_variant -e ___debug_blank_executor_main -Xlinker -sectcreate -Xlinker __TEXT -Xlinker __debug_dylib -Xlinker /Users/wilsonlee/Library/Developer/Xcode/DerivedData/SimpleTaskV2-acaltorinktlkpdrnewrufjkerjy/Build/Intermediates.noindex/SimpleTaskV2.build/Debug-iphonesimulator/SimpleTaskV2.build/SimpleTaskV2-DebugDylibPath-normal-arm64.txt -Xlinker -sectcreate -Xlinker __TEXT -Xlinker __debug_instlnm -Xlinker /Users/wilsonlee/Library/Developer/Xcode/DerivedData/SimpleTaskV2-acaltorinktlkpdrnewrufjkerjy/Build/Intermediates.noindex/SimpleTaskV2.build/Debug-iphonesimulator/SimpleTaskV2.build/SimpleTaskV2-DebugDylibInstallName-normal-arm64.txt -Xlinker -filelist -Xlinker /Users/wilsonlee/Library/Developer/Xcode/DerivedData/SimpleTaskV2-acaltorinktlkpdrnewrufjkerjy/Build/Intermediates.noindex/SimpleTaskV2.build/Debug-iphonesimulator/SimpleTaskV2.build/SimpleTaskV2-ExecutorLinkFileList-normal-arm64.txt -Xlinker -sectcreate -Xlinker __TEXT -Xlinker __entitlements -Xlinker /Users/wilsonlee/Library/Developer/Xcode/DerivedData/SimpleTaskV2-acaltorinktlkpdrnewrufjkerjy/Build/Intermediates.noindex/SimpleTaskV2.build/Debug-iphonesimulator/SimpleTaskV2.build/SimpleTaskV2.app-Simulated.xcent -Xlinker -sectcreate -Xlinker __TEXT -Xlinker __ents_der -Xlinker /Users/wilsonlee/Library/Developer/Xcode/DerivedData/SimpleTaskV2-acaltorinktlkpdrnewrufjkerjy/Build/Intermediates.noindex/SimpleTaskV2.build/Debug-iphonesimulator/SimpleTaskV2.build/SimpleTaskV2.app-Simulated.xcent.der /Users/wilsonlee/Library/Developer/Xcode/DerivedData/SimpleTaskV2-acaltorinktlkpdrnewrufjkerjy/Build/Intermediates.noindex/SimpleTaskV2.build/Debug-iphonesimulator/SimpleTaskV2.build/Objects-normal/arm64/Binary/SimpleTaskV2.debug.dylib -Xlinker -no_adhoc_codesign -o /Users/wilsonlee/Library/Developer/Xcode/DerivedData/SimpleTaskV2-acaltorinktlkpdrnewrufjkerjy/Build/Intermediates.noindex/SimpleTaskV2.build/Debug-iphonesimulator/SimpleTaskV2.build/Objects-normal/arm64/Binary/SimpleTaskV2

ConstructStubExecutorLinkFileList /Users/wilsonlee/Library/Developer/Xcode/DerivedData/SimpleTaskV2-acaltorinktlkpdrnewrufjkerjy/Build/Intermediates.noindex/SimpleTaskV2.build/Debug-iphonesimulator/SimpleTaskV2.build/SimpleTaskV2-ExecutorLinkFileList-normal-x86_64.txt (in target 'SimpleTaskV2' from project 'SimpleTaskV2')
    cd /Users/wilsonlee/Desktop/SimpleTaskV2
    construct-stub-executor-link-file-list /Users/wilsonlee/Library/Developer/Xcode/DerivedData/SimpleTaskV2-acaltorinktlkpdrnewrufjkerjy/Build/Intermediates.noindex/SimpleTaskV2.build/Debug-iphonesimulator/SimpleTaskV2.build/Objects-normal/x86_64/Binary/SimpleTaskV2.debug.dylib /Applications/Xcode.app/Contents/Developer/Platforms/iPhoneSimulator.platform/Developer/usr/lib/libPreviewsJITStubExecutor_no_swift_entry_point.a /Applications/Xcode.app/Contents/Developer/Platforms/iPhoneSimulator.platform/Developer/usr/lib/libPreviewsJITStubExecutor.a --output /Users/wilsonlee/Library/Developer/Xcode/DerivedData/SimpleTaskV2-acaltorinktlkpdrnewrufjkerjy/Build/Intermediates.noindex/SimpleTaskV2.build/Debug-iphonesimulator/SimpleTaskV2.build/SimpleTaskV2-ExecutorLinkFileList-normal-x86_64.txt
note: Using stub executor library with Swift entry point. (in target 'SimpleTaskV2' from project 'SimpleTaskV2')

CreateUniversalBinary /Users/wilsonlee/Library/Developer/Xcode/DerivedData/SimpleTaskV2-acaltorinktlkpdrnewrufjkerjy/Build/Products/Debug-iphonesimulator/SimpleTaskV2.app/SimpleTaskV2.debug.dylib normal arm64\ x86_64 (in target 'SimpleTaskV2' from project 'SimpleTaskV2')
    cd /Users/wilsonlee/Desktop/SimpleTaskV2
    /Applications/Xcode.app/Contents/Developer/Toolchains/XcodeDefault.xctoolchain/usr/bin/lipo -create /Users/wilsonlee/Library/Developer/Xcode/DerivedData/SimpleTaskV2-acaltorinktlkpdrnewrufjkerjy/Build/Intermediates.noindex/SimpleTaskV2.build/Debug-iphonesimulator/SimpleTaskV2.build/Objects-normal/arm64/Binary/SimpleTaskV2.debug.dylib /Users/wilsonlee/Library/Developer/Xcode/DerivedData/SimpleTaskV2-acaltorinktlkpdrnewrufjkerjy/Build/Intermediates.noindex/SimpleTaskV2.build/Debug-iphonesimulator/SimpleTaskV2.build/Objects-normal/x86_64/Binary/SimpleTaskV2.debug.dylib -output /Users/wilsonlee/Library/Developer/Xcode/DerivedData/SimpleTaskV2-acaltorinktlkpdrnewrufjkerjy/Build/Products/Debug-iphonesimulator/SimpleTaskV2.app/SimpleTaskV2.debug.dylib

Ld /Users/wilsonlee/Library/Developer/Xcode/DerivedData/SimpleTaskV2-acaltorinktlkpdrnewrufjkerjy/Build/Intermediates.noindex/SimpleTaskV2.build/Debug-iphonesimulator/SimpleTaskV2.build/Objects-normal/x86_64/Binary/SimpleTaskV2 normal x86_64 (in target 'SimpleTaskV2' from project 'SimpleTaskV2')
    cd /Users/wilsonlee/Desktop/SimpleTaskV2
    /Applications/Xcode.app/Contents/Developer/Toolchains/XcodeDefault.xctoolchain/usr/bin/clang -Xlinker -reproducible -target x86_64-apple-ios26.2-simulator -isysroot /Applications/Xcode.app/Contents/Developer/Platforms/iPhoneSimulator.platform/Developer/SDKs/iPhoneSimulator26.5.sdk -O0 -L/Users/wilsonlee/Library/Developer/Xcode/DerivedData/SimpleTaskV2-acaltorinktlkpdrnewrufjkerjy/Build/Products/Debug-iphonesimulator -F/Users/wilsonlee/Library/Developer/Xcode/DerivedData/SimpleTaskV2-acaltorinktlkpdrnewrufjkerjy/Build/Products/Debug-iphonesimulator/PackageFrameworks -F/Users/wilsonlee/Library/Developer/Xcode/DerivedData/SimpleTaskV2-acaltorinktlkpdrnewrufjkerjy/Build/Products/Debug-iphonesimulator/PackageFrameworks -F/Users/wilsonlee/Library/Developer/Xcode/DerivedData/SimpleTaskV2-acaltorinktlkpdrnewrufjkerjy/Build/Products/Debug-iphonesimulator/PackageFrameworks -F/Users/wilsonlee/Library/Developer/Xcode/DerivedData/SimpleTaskV2-acaltorinktlkpdrnewrufjkerjy/Build/Products/Debug-iphonesimulator/PackageFrameworks -F/Users/wilsonlee/Library/Developer/Xcode/DerivedData/SimpleTaskV2-acaltorinktlkpdrnewrufjkerjy/Build/Products/Debug-iphonesimulator/PackageFrameworks -F/Users/wilsonlee/Library/Developer/Xcode/DerivedData/SimpleTaskV2-acaltorinktlkpdrnewrufjkerjy/Build/Products/Debug-iphonesimulator/PackageFrameworks -F/Users/wilsonlee/Library/Developer/Xcode/DerivedData/SimpleTaskV2-acaltorinktlkpdrnewrufjkerjy/Build/Products/Debug-iphonesimulator/PackageFrameworks -F/Users/wilsonlee/Library/Developer/Xcode/DerivedData/SimpleTaskV2-acaltorinktlkpdrnewrufjkerjy/Build/Products/Debug-iphonesimulator/PackageFrameworks -F/Users/wilsonlee/Library/Developer/Xcode/DerivedData/SimpleTaskV2-acaltorinktlkpdrnewrufjkerjy/Build/Products/Debug-iphonesimulator/PackageFrameworks -F/Users/wilsonlee/Library/Developer/Xcode/DerivedData/SimpleTaskV2-acaltorinktlkpdrnewrufjkerjy/Build/Products/Debug-iphonesimulator/PackageFrameworks -F/Users/wilsonlee/Library/Developer/Xcode/DerivedData/SimpleTaskV2-acaltorinktlkpdrnewrufjkerjy/Build/Products/Debug-iphonesimulator/PackageFrameworks -F/Users/wilsonlee/Library/Developer/Xcode/DerivedData/SimpleTaskV2-acaltorinktlkpdrnewrufjkerjy/Build/Products/Debug-iphonesimulator/PackageFrameworks -F/Users/wilsonlee/Library/Developer/Xcode/DerivedData/SimpleTaskV2-acaltorinktlkpdrnewrufjkerjy/Build/Products/Debug-iphonesimulator -Xlinker -rpath -Xlinker @executable_path -Xlinker -rpath -Xlinker /Users/wilsonlee/Library/Developer/Xcode/DerivedData/SimpleTaskV2-acaltorinktlkpdrnewrufjkerjy/Build/Products/Debug-iphonesimulator/PackageFrameworks -Xlinker -rpath -Xlinker @executable_path/Frameworks -rdynamic -Xlinker -no_deduplicate -Xlinker -objc_abi_version -Xlinker 2 -Xlinker -debug_variant -e ___debug_blank_executor_main -Xlinker -sectcreate -Xlinker __TEXT -Xlinker __debug_dylib -Xlinker /Users/wilsonlee/Library/Developer/Xcode/DerivedData/SimpleTaskV2-acaltorinktlkpdrnewrufjkerjy/Build/Intermediates.noindex/SimpleTaskV2.build/Debug-iphonesimulator/SimpleTaskV2.build/SimpleTaskV2-DebugDylibPath-normal-x86_64.txt -Xlinker -sectcreate -Xlinker __TEXT -Xlinker __debug_instlnm -Xlinker /Users/wilsonlee/Library/Developer/Xcode/DerivedData/SimpleTaskV2-acaltorinktlkpdrnewrufjkerjy/Build/Intermediates.noindex/SimpleTaskV2.build/Debug-iphonesimulator/SimpleTaskV2.build/SimpleTaskV2-DebugDylibInstallName-normal-x86_64.txt -Xlinker -filelist -Xlinker /Users/wilsonlee/Library/Developer/Xcode/DerivedData/SimpleTaskV2-acaltorinktlkpdrnewrufjkerjy/Build/Intermediates.noindex/SimpleTaskV2.build/Debug-iphonesimulator/SimpleTaskV2.build/SimpleTaskV2-ExecutorLinkFileList-normal-x86_64.txt -Xlinker -sectcreate -Xlinker __TEXT -Xlinker __entitlements -Xlinker /Users/wilsonlee/Library/Developer/Xcode/DerivedData/SimpleTaskV2-acaltorinktlkpdrnewrufjkerjy/Build/Intermediates.noindex/SimpleTaskV2.build/Debug-iphonesimulator/SimpleTaskV2.build/SimpleTaskV2.app-Simulated.xcent -Xlinker -sectcreate -Xlinker __TEXT -Xlinker __ents_der -Xlinker /Users/wilsonlee/Library/Developer/Xcode/DerivedData/SimpleTaskV2-acaltorinktlkpdrnewrufjkerjy/Build/Intermediates.noindex/SimpleTaskV2.build/Debug-iphonesimulator/SimpleTaskV2.build/SimpleTaskV2.app-Simulated.xcent.der /Users/wilsonlee/Library/Developer/Xcode/DerivedData/SimpleTaskV2-acaltorinktlkpdrnewrufjkerjy/Build/Intermediates.noindex/SimpleTaskV2.build/Debug-iphonesimulator/SimpleTaskV2.build/Objects-normal/x86_64/Binary/SimpleTaskV2.debug.dylib -Xlinker -no_adhoc_codesign -o /Users/wilsonlee/Library/Developer/Xcode/DerivedData/SimpleTaskV2-acaltorinktlkpdrnewrufjkerjy/Build/Intermediates.noindex/SimpleTaskV2.build/Debug-iphonesimulator/SimpleTaskV2.build/Objects-normal/x86_64/Binary/SimpleTaskV2

CreateUniversalBinary /Users/wilsonlee/Library/Developer/Xcode/DerivedData/SimpleTaskV2-acaltorinktlkpdrnewrufjkerjy/Build/Products/Debug-iphonesimulator/SimpleTaskV2.app/SimpleTaskV2 normal arm64\ x86_64 (in target 'SimpleTaskV2' from project 'SimpleTaskV2')
    cd /Users/wilsonlee/Desktop/SimpleTaskV2
    /Applications/Xcode.app/Contents/Developer/Toolchains/XcodeDefault.xctoolchain/usr/bin/lipo -create /Users/wilsonlee/Library/Developer/Xcode/DerivedData/SimpleTaskV2-acaltorinktlkpdrnewrufjkerjy/Build/Intermediates.noindex/SimpleTaskV2.build/Debug-iphonesimulator/SimpleTaskV2.build/Objects-normal/arm64/Binary/SimpleTaskV2 /Users/wilsonlee/Library/Developer/Xcode/DerivedData/SimpleTaskV2-acaltorinktlkpdrnewrufjkerjy/Build/Intermediates.noindex/SimpleTaskV2.build/Debug-iphonesimulator/SimpleTaskV2.build/Objects-normal/x86_64/Binary/SimpleTaskV2 -output /Users/wilsonlee/Library/Developer/Xcode/DerivedData/SimpleTaskV2-acaltorinktlkpdrnewrufjkerjy/Build/Products/Debug-iphonesimulator/SimpleTaskV2.app/SimpleTaskV2

Copy /Users/wilsonlee/Library/Developer/Xcode/DerivedData/SimpleTaskV2-acaltorinktlkpdrnewrufjkerjy/Build/Products/Debug-iphonesimulator/SimpleTaskV2.app/PlugIns/TaskWidgetExtension.appex /Users/wilsonlee/Library/Developer/Xcode/DerivedData/SimpleTaskV2-acaltorinktlkpdrnewrufjkerjy/Build/Products/Debug-iphonesimulator/TaskWidgetExtension.appex (in target 'SimpleTaskV2' from project 'SimpleTaskV2')
    cd /Users/wilsonlee/Desktop/SimpleTaskV2
    builtin-copy -exclude .DS_Store -exclude CVS -exclude .svn -exclude .git -exclude .hg -exclude Headers -exclude PrivateHeaders -exclude Modules -exclude \*.tbd -resolve-src-symlinks -remove-static-executable /Users/wilsonlee/Library/Developer/Xcode/DerivedData/SimpleTaskV2-acaltorinktlkpdrnewrufjkerjy/Build/Products/Debug-iphonesimulator/TaskWidgetExtension.appex /Users/wilsonlee/Library/Developer/Xcode/DerivedData/SimpleTaskV2-acaltorinktlkpdrnewrufjkerjy/Build/Products/Debug-iphonesimulator/SimpleTaskV2.app/PlugIns

CopySwiftLibs /Users/wilsonlee/Library/Developer/Xcode/DerivedData/SimpleTaskV2-acaltorinktlkpdrnewrufjkerjy/Build/Products/Debug-iphonesimulator/SimpleTaskV2.app (in target 'SimpleTaskV2' from project 'SimpleTaskV2')
    cd /Users/wilsonlee/Desktop/SimpleTaskV2
    builtin-swiftStdLibTool --copy --verbose --sign - --scan-executable /Users/wilsonlee/Library/Developer/Xcode/DerivedData/SimpleTaskV2-acaltorinktlkpdrnewrufjkerjy/Build/Products/Debug-iphonesimulator/SimpleTaskV2.app/SimpleTaskV2.debug.dylib --scan-folder /Users/wilsonlee/Library/Developer/Xcode/DerivedData/SimpleTaskV2-acaltorinktlkpdrnewrufjkerjy/Build/Products/Debug-iphonesimulator/SimpleTaskV2.app/Frameworks --scan-folder /Users/wilsonlee/Library/Developer/Xcode/DerivedData/SimpleTaskV2-acaltorinktlkpdrnewrufjkerjy/Build/Products/Debug-iphonesimulator/SimpleTaskV2.app/PlugIns --scan-folder /Users/wilsonlee/Library/Developer/Xcode/DerivedData/SimpleTaskV2-acaltorinktlkpdrnewrufjkerjy/Build/Products/Debug-iphonesimulator/SimpleTaskV2.app/SystemExtensions --scan-folder /Users/wilsonlee/Library/Developer/Xcode/DerivedData/SimpleTaskV2-acaltorinktlkpdrnewrufjkerjy/Build/Products/Debug-iphonesimulator/SimpleTaskV2.app/Extensions --platform iphonesimulator --toolchain /Applications/Xcode.app/Contents/Developer/Toolchains/XcodeDefault.xctoolchain --destination /Users/wilsonlee/Library/Developer/Xcode/DerivedData/SimpleTaskV2-acaltorinktlkpdrnewrufjkerjy/Build/Products/Debug-iphonesimulator/SimpleTaskV2.app/Frameworks --strip-bitcode --strip-bitcode-tool /Applications/Xcode.app/Contents/Developer/Toolchains/XcodeDefault.xctoolchain/usr/bin/bitcode_strip --emit-dependency-info /Users/wilsonlee/Library/Developer/Xcode/DerivedData/SimpleTaskV2-acaltorinktlkpdrnewrufjkerjy/Build/Intermediates.noindex/SimpleTaskV2.build/Debug-iphonesimulator/SimpleTaskV2.build/SwiftStdLibToolInputDependencies.dep --filter-for-swift-os

ProcessInfoPlistFile /Users/wilsonlee/Library/Developer/Xcode/DerivedData/SimpleTaskV2-acaltorinktlkpdrnewrufjkerjy/Build/Products/Debug-iphonesimulator/SimpleTaskV2.app/Info.plist /Users/wilsonlee/Desktop/SimpleTaskV2/SimpleTaskV2/Info.plist (in target 'SimpleTaskV2' from project 'SimpleTaskV2')
    cd /Users/wilsonlee/Desktop/SimpleTaskV2
    builtin-infoPlistUtility /Users/wilsonlee/Desktop/SimpleTaskV2/SimpleTaskV2/Info.plist -producttype com.apple.product-type.application -genpkginfo /Users/wilsonlee/Library/Developer/Xcode/DerivedData/SimpleTaskV2-acaltorinktlkpdrnewrufjkerjy/Build/Products/Debug-iphonesimulator/SimpleTaskV2.app/PkgInfo -expandbuildsettings -format binary -platform iphonesimulator -additionalcontentfile /Users/wilsonlee/Library/Developer/Xcode/DerivedData/SimpleTaskV2-acaltorinktlkpdrnewrufjkerjy/Build/Intermediates.noindex/SimpleTaskV2.build/Debug-iphonesimulator/SimpleTaskV2.build/assetcatalog_generated_info.plist -scanforprivacyfile /Users/wilsonlee/Library/Developer/Xcode/DerivedData/SimpleTaskV2-acaltorinktlkpdrnewrufjkerjy/Build/Products/Debug-iphonesimulator/SimpleTaskV2.app/AppAuth_AppAuth.bundle -scanforprivacyfile /Users/wilsonlee/Library/Developer/Xcode/DerivedData/SimpleTaskV2-acaltorinktlkpdrnewrufjkerjy/Build/Products/Debug-iphonesimulator/SimpleTaskV2.app/AppAuth_AppAuthCore.bundle -scanforprivacyfile /Users/wilsonlee/Library/Developer/Xcode/DerivedData/SimpleTaskV2-acaltorinktlkpdrnewrufjkerjy/Build/Products/Debug-iphonesimulator/SimpleTaskV2.app/GTMAppAuth_GTMAppAuth.bundle -scanforprivacyfile /Users/wilsonlee/Library/Developer/Xcode/DerivedData/SimpleTaskV2-acaltorinktlkpdrnewrufjkerjy/Build/Products/Debug-iphonesimulator/SimpleTaskV2.app/GTMSessionFetcher_GTMSessionFetcherCore.bundle -scanforprivacyfile /Users/wilsonlee/Library/Developer/Xcode/DerivedData/SimpleTaskV2-acaltorinktlkpdrnewrufjkerjy/Build/Products/Debug-iphonesimulator/SimpleTaskV2.app/GoogleSignIn_GoogleSignIn.bundle -scanforprivacyfile /Users/wilsonlee/Library/Developer/Xcode/DerivedData/SimpleTaskV2-acaltorinktlkpdrnewrufjkerjy/Build/Products/Debug-iphonesimulator/SimpleTaskV2.app/GoogleSignIn_GoogleSignInSwift.bundle -scanforprivacyfile /Users/wilsonlee/Library/Developer/Xcode/DerivedData/SimpleTaskV2-acaltorinktlkpdrnewrufjkerjy/Build/Products/Debug-iphonesimulator/SimpleTaskV2.app/GoogleUtilities_GoogleUtilities-Environment.bundle -scanforprivacyfile /Users/wilsonlee/Library/Developer/Xcode/DerivedData/SimpleTaskV2-acaltorinktlkpdrnewrufjkerjy/Build/Products/Debug-iphonesimulator/SimpleTaskV2.app/GoogleUtilities_GoogleUtilities-Logger.bundle -scanforprivacyfile /Users/wilsonlee/Library/Developer/Xcode/DerivedData/SimpleTaskV2-acaltorinktlkpdrnewrufjkerjy/Build/Products/Debug-iphonesimulator/SimpleTaskV2.app/GoogleUtilities_GoogleUtilities-UserDefaults.bundle -scanforprivacyfile /Users/wilsonlee/Library/Developer/Xcode/DerivedData/SimpleTaskV2-acaltorinktlkpdrnewrufjkerjy/Build/Products/Debug-iphonesimulator/SimpleTaskV2.app/PlugIns/TaskWidgetExtension.appex -scanforprivacyfile /Users/wilsonlee/Library/Developer/Xcode/DerivedData/SimpleTaskV2-acaltorinktlkpdrnewrufjkerjy/Build/Products/Debug-iphonesimulator/SimpleTaskV2.app/Promises_FBLPromises.bundle -o /Users/wilsonlee/Library/Developer/Xcode/DerivedData/SimpleTaskV2-acaltorinktlkpdrnewrufjkerjy/Build/Products/Debug-iphonesimulator/SimpleTaskV2.app/Info.plist

ExtractAppIntentsMetadata (in target 'SimpleTaskV2' from project 'SimpleTaskV2')
    cd /Users/wilsonlee/Desktop/SimpleTaskV2
    /Applications/Xcode.app/Contents/Developer/Toolchains/XcodeDefault.xctoolchain/usr/bin/appintentsmetadataprocessor --toolchain-dir /Applications/Xcode.app/Contents/Developer/Toolchains/XcodeDefault.xctoolchain --module-name SimpleTaskV2 --sdk-root /Applications/Xcode.app/Contents/Developer/Platforms/iPhoneSimulator.platform/Developer/SDKs/iPhoneSimulator26.5.sdk --xcode-version 17F42 --platform-family iOS --deployment-target 26.2 --bundle-identifier com.wilsonlee.SimpleTaskV2 --output /Users/wilsonlee/Library/Developer/Xcode/DerivedData/SimpleTaskV2-acaltorinktlkpdrnewrufjkerjy/Build/Products/Debug-iphonesimulator/SimpleTaskV2.app --target-triple arm64-apple-ios26.2-simulator --target-triple x86_64-apple-ios26.2-simulator --binary-file /Users/wilsonlee/Library/Developer/Xcode/DerivedData/SimpleTaskV2-acaltorinktlkpdrnewrufjkerjy/Build/Products/Debug-iphonesimulator/SimpleTaskV2.app/SimpleTaskV2 --dependency-file /Users/wilsonlee/Library/Developer/Xcode/DerivedData/SimpleTaskV2-acaltorinktlkpdrnewrufjkerjy/Build/Intermediates.noindex/SimpleTaskV2.build/Debug-iphonesimulator/SimpleTaskV2.build/Objects-normal/arm64/SimpleTaskV2_dependency_info.dat --dependency-file /Users/wilsonlee/Library/Developer/Xcode/DerivedData/SimpleTaskV2-acaltorinktlkpdrnewrufjkerjy/Build/Intermediates.noindex/SimpleTaskV2.build/Debug-iphonesimulator/SimpleTaskV2.build/Objects-normal/x86_64/SimpleTaskV2_dependency_info.dat --stringsdata-file /Users/wilsonlee/Library/Developer/Xcode/DerivedData/SimpleTaskV2-acaltorinktlkpdrnewrufjkerjy/Build/Intermediates.noindex/SimpleTaskV2.build/Debug-iphonesimulator/SimpleTaskV2.build/Objects-normal/arm64/ExtractedAppShortcutsMetadata.stringsdata --stringsdata-file /Users/wilsonlee/Library/Developer/Xcode/DerivedData/SimpleTaskV2-acaltorinktlkpdrnewrufjkerjy/Build/Intermediates.noindex/SimpleTaskV2.build/Debug-iphonesimulator/SimpleTaskV2.build/Objects-normal/x86_64/ExtractedAppShortcutsMetadata.stringsdata --source-file-list /Users/wilsonlee/Library/Developer/Xcode/DerivedData/SimpleTaskV2-acaltorinktlkpdrnewrufjkerjy/Build/Intermediates.noindex/SimpleTaskV2.build/Debug-iphonesimulator/SimpleTaskV2.build/Objects-normal/arm64/SimpleTaskV2.SwiftFileList --source-file-list /Users/wilsonlee/Library/Developer/Xcode/DerivedData/SimpleTaskV2-acaltorinktlkpdrnewrufjkerjy/Build/Intermediates.noindex/SimpleTaskV2.build/Debug-iphonesimulator/SimpleTaskV2.build/Objects-normal/x86_64/SimpleTaskV2.SwiftFileList --metadata-file-list /Users/wilsonlee/Library/Developer/Xcode/DerivedData/SimpleTaskV2-acaltorinktlkpdrnewrufjkerjy/Build/Intermediates.noindex/SimpleTaskV2.build/Debug-iphonesimulator/SimpleTaskV2.build/SimpleTaskV2.DependencyMetadataFileList --static-metadata-file-list /Users/wilsonlee/Library/Developer/Xcode/DerivedData/SimpleTaskV2-acaltorinktlkpdrnewrufjkerjy/Build/Intermediates.noindex/SimpleTaskV2.build/Debug-iphonesimulator/SimpleTaskV2.build/SimpleTaskV2.DependencyStaticMetadataFileList --swift-const-vals-list /Users/wilsonlee/Library/Developer/Xcode/DerivedData/SimpleTaskV2-acaltorinktlkpdrnewrufjkerjy/Build/Intermediates.noindex/SimpleTaskV2.build/Debug-iphonesimulator/SimpleTaskV2.build/Objects-normal/arm64/SimpleTaskV2.SwiftConstValuesFileList --swift-const-vals-list /Users/wilsonlee/Library/Developer/Xcode/DerivedData/SimpleTaskV2-acaltorinktlkpdrnewrufjkerjy/Build/Intermediates.noindex/SimpleTaskV2.build/Debug-iphonesimulator/SimpleTaskV2.build/Objects-normal/x86_64/SimpleTaskV2.SwiftConstValuesFileList --compile-time-extraction --deployment-aware-processing --validate-assistant-intents --no-app-shortcuts-localization
2026-06-21 13:00:59.950 appintentsmetadataprocessor[85496:3287165] Starting appintentsmetadataprocessor export
2026-06-21 13:00:59.970 appintentsmetadataprocessor[85496:3287165] Writing Metadata.appintents
2026-06-21 13:00:59.970 appintentsmetadataprocessor[85496:3287165] Metadata root: /Users/wilsonlee/Library/Developer/Xcode/DerivedData/SimpleTaskV2-acaltorinktlkpdrnewrufjkerjy/Build/Products/Debug-iphonesimulator/SimpleTaskV2.app/Metadata.appintents

CodeSign /Users/wilsonlee/Library/Developer/Xcode/DerivedData/SimpleTaskV2-acaltorinktlkpdrnewrufjkerjy/Build/Products/Debug-iphonesimulator/SimpleTaskV2.app/SimpleTaskV2.debug.dylib (in target 'SimpleTaskV2' from project 'SimpleTaskV2')
    cd /Users/wilsonlee/Desktop/SimpleTaskV2
    
    Signing Identity:     "Sign to Run Locally"
    
    /usr/bin/codesign --force --sign - --timestamp\=none --generate-entitlement-der /Users/wilsonlee/Library/Developer/Xcode/DerivedData/SimpleTaskV2-acaltorinktlkpdrnewrufjkerjy/Build/Products/Debug-iphonesimulator/SimpleTaskV2.app/SimpleTaskV2.debug.dylib

CodeSign /Users/wilsonlee/Library/Developer/Xcode/DerivedData/SimpleTaskV2-acaltorinktlkpdrnewrufjkerjy/Build/Products/Debug-iphonesimulator/SimpleTaskV2.app/__preview.dylib (in target 'SimpleTaskV2' from project 'SimpleTaskV2')
    cd /Users/wilsonlee/Desktop/SimpleTaskV2
    
    Signing Identity:     "Sign to Run Locally"
    
    /usr/bin/codesign --force --sign - --timestamp\=none --generate-entitlement-der /Users/wilsonlee/Library/Developer/Xcode/DerivedData/SimpleTaskV2-acaltorinktlkpdrnewrufjkerjy/Build/Products/Debug-iphonesimulator/SimpleTaskV2.app/__preview.dylib

CodeSign /Users/wilsonlee/Library/Developer/Xcode/DerivedData/SimpleTaskV2-acaltorinktlkpdrnewrufjkerjy/Build/Products/Debug-iphonesimulator/SimpleTaskV2.app (in target 'SimpleTaskV2' from project 'SimpleTaskV2')
    cd /Users/wilsonlee/Desktop/SimpleTaskV2
    
    Signing Identity:     "Sign to Run Locally"
    
    /usr/bin/codesign --force --sign - --entitlements /Users/wilsonlee/Library/Developer/Xcode/DerivedData/SimpleTaskV2-acaltorinktlkpdrnewrufjkerjy/Build/Intermediates.noindex/SimpleTaskV2.build/Debug-iphonesimulator/SimpleTaskV2.build/SimpleTaskV2.app.xcent --timestamp\=none --generate-entitlement-der /Users/wilsonlee/Library/Developer/Xcode/DerivedData/SimpleTaskV2-acaltorinktlkpdrnewrufjkerjy/Build/Products/Debug-iphonesimulator/SimpleTaskV2.app

ValidateEmbeddedBinary /Users/wilsonlee/Library/Developer/Xcode/DerivedData/SimpleTaskV2-acaltorinktlkpdrnewrufjkerjy/Build/Products/Debug-iphonesimulator/SimpleTaskV2.app/PlugIns/TaskWidgetExtension.appex (in target 'SimpleTaskV2' from project 'SimpleTaskV2')
    cd /Users/wilsonlee/Desktop/SimpleTaskV2
    /Applications/Xcode.app/Contents/Developer/usr/bin/embeddedBinaryValidationUtility /Users/wilsonlee/Library/Developer/Xcode/DerivedData/SimpleTaskV2-acaltorinktlkpdrnewrufjkerjy/Build/Products/Debug-iphonesimulator/SimpleTaskV2.app/PlugIns/TaskWidgetExtension.appex -signing-cert - -info-plist-path /Users/wilsonlee/Library/Developer/Xcode/DerivedData/SimpleTaskV2-acaltorinktlkpdrnewrufjkerjy/Build/Products/Debug-iphonesimulator/SimpleTaskV2.app/Info.plist

Validate /Users/wilsonlee/Library/Developer/Xcode/DerivedData/SimpleTaskV2-acaltorinktlkpdrnewrufjkerjy/Build/Products/Debug-iphonesimulator/SimpleTaskV2.app (in target 'SimpleTaskV2' from project 'SimpleTaskV2')
    cd /Users/wilsonlee/Desktop/SimpleTaskV2
    builtin-validationUtility /Users/wilsonlee/Library/Developer/Xcode/DerivedData/SimpleTaskV2-acaltorinktlkpdrnewrufjkerjy/Build/Products/Debug-iphonesimulator/SimpleTaskV2.app -shallow-bundle -infoplist-subpath Info.plist

** BUILD SUCCEEDED **

